Workbook
Name gasbenchCO2template.wke: #REF!

Sheet FINAL REPORTED
A1: Run | B1: Identifier 1 | C1: Mass (mg) | D1: Amp 44 | E1: Area 44 | F1: δ13C (PDB) | G1: δ18O (SMOW)
A2: 13 | B2: 12 SPL A Path O 3A | C2: 0.208 | D2: 14281 | E2: 180.81 | F2: -0.8018214 | G2: 25.58264
A3: 14 | B3: 12 SPL A Path O 4A | C3: 0.251 | D3: 12052 | E3: 146.341 | F3: -1.1867008 | G3: 25.639263
A4: 15 | B4: 12 SPL A Path O 5A | C4: 0.249 | D4: 16673 | E4: 212.049 | F4: -1.2440825 | G4: 25.769501
A5: 16 | B5: 12 SPL A Path O 6A | C5: 0.245 | D5: 21957 | E5: 270.774 | F5: -1.0228973 | G5: 25.758695
A6: 17 | B6: 12 SPL A Path O 7A | C6: 0.233 | D6: 18377 | E6: 227.759 | F6: -0.98722819 | G6: 25.752761
A7: 18 | B7: 12 SPL A Path O 8A | C7: 0.246 | D7: 17131 | E7: 215.102 | F7: -1.1064108 | G7: 25.806074
A8: 19 | B8: 12 SPL A Path O 9A | C8: 0.213 | D8: 14001 | E8: 171 | F8: -1.1170657 | G8: 25.667999
A9: 20 | B9: 12 SPL A Path O 10A | C9: 0.248 | D9: 14981 | E9: 191.732 | F9: -0.86863515 | G9: 25.673999
A10: 21 | B10: 12 SPL A Path O 11A | C10: 0.238 | D10: 16921 | E10: 204.087 | F10: -1.1474361 | G10: 25.562873
A11: 22 | B11: 12 SPL A Path O 12A | C11: 0.2 | D11: 15359 | E11: 194.735 | F11: -0.95675149 | G11: 25.559349
A12: 25 | B12: 21 SPL A Path O 13A | C12: 0.23 | D12: 14146 | E12: 171.922 | F12: -0.83316526 | G12: 25.636084
A13: 26 | B13: 22 SPL A Path O 14A | C13: 0.212 | D13: 19518 | E13: 247.169 | F13: -0.84528089 | G13: 25.661923
... A132: 172 | B132: 12 SPL A4 Path H 113A | C132: 0.244 | D132: 12325 | E132: 155.769 | F132: -3.028011 | G132: 25.598793
B134: Standards
A136: 2 | B136: NBS 18 | C136: 0.23 | D136: 12410 | E136: 157.446 | F136: -5.0061492 | G136: 7.2640639 | I136: . | J136: δ13C (PDB) | K136: δ18O (SMOW)
A137: 3 | B137: NBS18 | C137: 0.248 | D137: 14309 | E137: 173.645 | F137: -5.0355364 | G137: 7.2168583 | I137: Ave corrected UTM all measurments | J137: =AVERAGE(F144:F174) -> 4.4594343 | K137: =AVERAGE(G144:G174) -> 26.50808
A138: 4 | B138: NBS18 | C138: 0.258 | D138: 14585 | E138: 184.826 | F138: -4.9751028 | G138: 7.161922 | I138: Std Dev | J138: =STDEV((F144:F174)) -> 0.038412005 | K138: =STDEV((G144:G174)) -> 0.054971271
A139: 5 | B139: NBS18 | C139: 0.246 | D139: 16186 | E139: 197.149 | F139: -5.0822212 | G139: 7.1540066 | I139: Known | J139: 4.49 | K139: 26.5
A140: 6 | B140: NBS 19 | C140: 0.22 | D140: 12673 | E140: 160.447 | F140: 1.976658 | G140: 28.545773
A141: 7 | B141: NBS 19 | C141: 0.286 | D141: 18792 | E141: 230.568 | F141: 2.016867 | G141: 28.601873
A142: 8 | B142: NBS 19 | C142: 0.286 | D142: 16128 | E142: 203.088 | F142: 1.9767945 | G142: 28.560183
A143: 9 | B143: NBS 19 | C143: 0.216 | D143: 10987 | E143: 139.3 | F143: 1.9949529 | G143: 28.663001
A144: 10 | B144: UTM | C144: 0.268 | D144: 14114 | E144: 171.817 | F144: 4.41547 | G144: 26.517731
A145: 11 | B145: UTM | C145: 0.224 | D145: 11107 | E145: 141.435 | F145: 4.5307531 | G145: 26.591746
A146: 12 | B146: UTM | C146: 0.22 | D146: 12045 | E146: 145.945 | F146: 4.4514845 | G146: 26.481043
A147: 23 | B147: UTM | C147: 0.242 | D147: 13358 | E147: 161.717 | F147: 4.4770123 | G147: 26.531278
A148: 24 | B148: UTM | C148: 0.25 | D148: 12838 | E148: 162.933 | F148: 4.5142618 | G148: 26.497723
A149: 35 | B149: UTM | C149: 0.274 | D149: 13732 | E149: 173.926 | F149: 4.5128529 | G149: 26.502074
A150: 36 | B150: UTM | C150: 0.296 | D150: 16472 | E150: 201.999 | F150: 4.3940418 | G150: 26.497812
A151: 47 | B151: UTM | C151: 0.242 | D151: 13205 | E151: 160.077 | F151: 4.4568831 | G151: 26.540259
... A164: 108 | B164: UTM | C164: 0.248 | D164: 13110 | E164: 160.28 | F164: 4.4053472 | G164: 26.526329
A165: 119 | B165: UTM | D165: 14087 | E165: 172.649 | F165: 4.4620745 | G165: 26.386556
A166: 120 | B166: UTM | D166: 14089 | E166: 178.972 | F166: 4.5024535 | G166: 26.521063
A167: 131 | B167: UTM | D167: 15325 | E167: 195.234 | F167: 4.4690517 | G167: 26.522579
A168: 132 | B168: UTM | D168: 18790 | E168: 230.378 | F168: 4.4542348 | G168: 26.443074
A169: 143 | B169: UTM | D169: 19128 | E169: 233.266
A170: 144 | B170: UTM | D170: 15969 | E170: 202.169 | F170: 4.4760907 | G170: 26.503312
A171: 155 | B171: UTM | D171: 16831 | E171: 215.109 | F171: 4.4685993 | G171: 26.559065
A172: 156 | B172: UTM | D172: 10807 | E172: 131.25
A173: 167 | B173: UTM | D173: 10055 | E173: 122.65 | F173: 4.4508057 | G173: 26.521025
A174: 168 | B174: UTM | D174: 11208 | E174: 142.459 | F174: 4.5153446 | G174: 26.531864

Sheet 3-Format-Final
A1: Row | B1: Identifier 1 | C1: Identifier 2 | D1: Peak Nr | E1: Ampl 44 | F1: Area 44 | G1: δ13C (PDB) | H1: δ18O (SMOW)
A3: 2 | B3: NBS 18 | C3: 0.23 | D3: 6 | E3: 13350 | F3: 169.452
A4: 6 | B4: NBS 19 | C4: 0.22 | D4: 6 | E4: 13590 | F4: 172.613
A5: 13 | B5: 12 SPL A Path O 3A | C5: 0.208 | D5: 6 | E5: 15333 | F5: 194.652
A6: 13 | B6: 12 SPL A Path O 3A | C6: 0.208 | D6: 7 | E6: 14281 | F6: 180.81 | G6: -0.8018214 | H6: 25.58264
A7: 14 | B7: 12 SPL A Path O 4A | C7: 0.251 | D7: 6 | E7: 12939 | F7: 157.223
A8: 14 | B8: 12 SPL A Path O 4A | C8: 0.251 | D8: 7 | E8: 12052 | F8: 146.341 | G8: -1.1867008 | H8: 25.639263
A9: 15 | B9: 12 SPL A Path O 5A | C9: 0.249 | D9: 6 | E9: 17843 | F9: 225.331
A10: 15 | B10: 12 SPL A Path O 5A | C10: 0.249 | D10: 7 | E10: 16673 | F10: 212.049 | G10: -1.2440825 | H10: 25.769501
A11: 16 | B11: 12 SPL A Path O 6A | C11: 0.245 | D11: 6 | E11: 23763 | F11: 288.937
A12: 16 | B12: 12 SPL A Path O 6A | C12: 0.245 | D12: 7 | E12: 21957 | F12: 270.774 | G12: -1.0228973 | H12: 25.758695
A13: 17 | B13: 12 SPL A Path O 7A | C13: 0.233 | D13: 6 | E13: 19610 | F13: 244.941
A14: 17 | B14: 12 SPL A Path O 7A | C14: 0.233 | D14: 7 | E14: 18377 | F14: 227.759 | G14: -0.98722819 | H14: 25.752761
A15: 18 | B15: 12 SPL A Path O 8A | C15: 0.246 | D15: 6 | E15: 18516 | F15: 232.02
A16: 18 | B16: 12 SPL A Path O 8A | C16: 0.246 | D16: 7 | E16: 17131 | F16: 215.102 | G16: -1.1064108 | H16: 25.806074
A17: 19 | B17: 12 SPL A Path O 9A | C17: 0.213 | D17: 6 | E17: 14870 | F17: 182.829
A18: 19 | B18: 12 SPL A Path O 9A | C18: 0.213 | D18: 7 | E18: 14001 | F18: 171 | G18: -1.1170657 | H18: 25.667999
A19: 20 | B19: 12 SPL A Path O 10A | C19: 0.248 | D19: 6 | E19: 16047 | F19: 203.691
A20: 20 | B20: 12 SPL A Path O 10A | C20: 0.248 | D20: 7 | E20: 14981 | F20: 191.732 | G20: -0.86863515 | H20: 25.673999
A21: 21 | B21: 12 SPL A Path O 11A | C21: 0.238 | D21: 6 | E21: 17997 | F21: 218.108
A22: 21 | B22: 12 SPL A Path O 11A | C22: 0.238 | D22: 7 | E22: 16921 | F22: 204.087 | G22: -1.1474361 | H22: 25.562873
A23: 22 | B23: 12 SPL A Path O 12A | C23: 0.2 | D23: 6 | E23: 16487 | F23: 209.572
A24: 22 | B24: 12 SPL A Path O 12A | C24: 0.2 | D24: 7 | E24: 15359 | F24: 194.735 | G24: -0.95675149 | H24: 25.559349
A25: 23 | B25: UTM | C25: 0.242 | D25: 6 | E25: 14249 | F25: 172.765
A26: 25 | B26: 21 SPL A Path O 13A | C26: 0.23 | D26: 6 | E26: 15228 | F26: 185.047
A27: 25 | B27: 21 SPL A Path O 13A | C27: 0.23 | D27: 7 | E27: 14146 | F27: 171.922 | G27: -0.83316526 | H27: 25.636084
A28: 26 | B28: 22 SPL A Path O 14A | C28: 0.212 | D28: 6 | E28: 20912 | F28: 263.157
A29: 26 | B29: 22 SPL A Path O 14A | C29: 0.212 | D29: 7 | E29: 19518 | F29: 247.169 | G29: -0.84528089 | H29: 25.661923
A30: 27 | B30: 23 SPL A Path O 15A | C30: 0.201 | D30: 6 | E30: 14414 | F30: 178.495
A31: 27 | B31: 23 SPL A Path O 15A | C31: 0.201 | D31: 7 | E31: 13351 | F31: 167.663 | G31: -1.0616512 | H31: 25.807917
A32: 28 | B32: 24 SPL A Path O 16A | C32: 0.253 | D32: 6 | E32: 24173 | F32: 300.878
A33: 28 | B33: 24 SPL A Path O 16A | C33: 0.253 | D33: 7 | E33: 22622 | F33: 279.787 | G33: -0.92298898 | H33: 25.881101
A34: 29 | B34: 25 SPL A Path O 17A | C34: 0.204 | D34: 6 | E34: 22302 | F34: 277.305
A35: 29 | B35: 25 SPL A Path O 17A | C35: 0.204 | D35: 7 | E35: 20546 | F35: 256.603 | G35: -0.97916177 | H35: 25.991699
A36: 30 | B36: 26 SPL A Path O 18A | C36: 0.224 | D36: 6 | E36: 21565 | F36: 265.621
A37: 30 | B37: 26 SPL A Path O 18A | C37: 0.224 | D37: 7 | E37: 20318 | F37: 250.738 | G37: -0.70754726 | H37: 25.694927
A38: 31 | B38: 27 SPL A Path O 19A | C38: 0.24 | D38: 6 | E38: 13784 | F38: 175.055
A39: 31 | B39: 27 SPL A Path O 19A | C39: 0.24 | D39: 7 | E39: 12821 | F39: 162.798 | G39: -0.54730034 | H39: 25.783489
A40: 32 | B40: 28 SPL A Path O 20A | C40: 0.234 | D40: 6 | E40: 12615 | F40: 155.085
A41: 32 | B41: 28 SPL A Path O 20A | C41: 0.234 | D41: 7 | E41: 11872 | F41: 145.224 | G41: -0.95953835 | H41: 25.520387
A42: 33 | B42: 12 SPL A4 Path H 1A | C42: 0.23 | D42: 6 | E42: 13220 | F42: 168.738
A43: 33 | B43: 12 SPL A4 Path H 1A | C43: 0.23 | D43: 7 | E43: 12325 | F43: 156.808 | G43: -1.4905047 | H43: 25.454111
A44: 34 | B44: 12 SPL A4 Path H 2A | C44: 0.226 | D44: 6 | E44: 12914 | F44: 157.366
A45: 34 | B45: 12 SPL A4 Path H 2A | C45: 0.226 | D45: 7 | E45: 12115 | F45: 147.048 | G45: -1.6730561 | H45: 25.564446
A46: 35 | B46: UTM | C46: 0.274 | D46: 6 | E46: 14725 | F46: 187.218
A47: 37 | B47: 12 SPL A4 Path H 3A | C47: 0.228 | D47: 6 | E47: 12279 | F47: 156.118
A48: 37 | B48: 12 SPL A4 Path H 3A | C48: 0.228 | D48: 7 | E48: 11458 | F48: 145.164 | G48: -1.8017108 | H48: 25.646424
A49: 38 | B49: 12 SPL A4 Path H 4A | C49: 0.252 | D49: 6 | E49: 15252 | F49: 187.4
A50: 38 | B50: 12 SPL A4 Path H 4A | C50: 0.252 | D50: 7 | E50: 14114 | F50: 175.803 | G50: -1.53837 | H50: 25.704899
A51: 39 | B51: 12 SPL A4 Path H 5A | C51: 0.254 | D51: 6 | E51: 14260 | F51: 180.286
A52: 39 | B52: 12 SPL A4 Path H 5A | C52: 0.254 | D52: 7 | E52: 13381 | F52: 169.844 | G52: -1.5354935 | H52: 25.361376
A53: 40 | B53: 12 SPL A4 Path H 6A | C53: 0.276 | D53: 6 | E53: 15788 | F53: 197.303
A54: 40 | B54: 12 SPL A4 Path H 6A | C54: 0.276 | D54: 7 | E54: 14655 | F54: 185.496 | G54: -1.6674078 | H54: 25.353495
A55: 41 | B55: 12 SPL A4 Path H 7A | C55: 0.266 | D55: 6 | E55: 14312 | F55: 178.318
A56: 41 | B56: 12 SPL A4 Path H 7A | C56: 0.266 | D56: 7 | E56: 13481 | F56: 166.427 | G56: -1.2970314 | H56: 25.275154
A57: 42 | B57: 12 SPL A4 Path H 8A | C57: 0.24 | D57: 6 | E57: 13310 | F57: 168.976
A58: 42 | B58: 12 SPL A4 Path H 8A | C58: 0.24 | D58: 7 | E58: 12374 | F58: 157.021 | G58: -1.5370517 | H58: 25.412003
A59: 43 | B59: 12 SPL A4 Path H 9A | C59: 0.226 | D59: 6 | E59: 13271 | F59: 162.959
A60: 43 | B60: 12 SPL A4 Path H 9A | C60: 0.226 | D60: 7 | E60: 12500 | F60: 152.385 | G60: -1.839257 | H60: 25.569896
A61: 44 | B61: 12 SPL A4 Path H 10A | C61: 0.248 | D61: 6 | E61: 14098 | F61: 179.733
A62: 44 | B62: 12 SPL A4 Path H 10A | C62: 0.248 | D62: 7 | E62: 13153 | F62: 166.976 | G62: -1.1432846 | H62: 25.826239
A63: 45 | B63: 12 SPL A4 Path H 11A | C63: 0.254 | D63: 6 | E63: 14541 | F63: 176.652
A64: 45 | B64: 12 SPL A4 Path H 11A | C64: 0.254 | D64: 7 | E64: 13658 | F64: 166.957 | G64: -0.76181369 | H64: 25.793458
A65: 46 | B65: 12 SPL A4 Path H 12A | C65: 0.242 | D65: 6 | E65: 7973 | F65: 102.246
A66: 46 | B66: 12 SPL A4 Path H 12A | C66: 0.242 | D66: 7 | E66: 7455 | F66: 95.178 | G66: -1.0424973 | H66: 25.576031
A67: 47 | B67: UTM | C67: 0.242 | D67: 6 | E67: 14203 | F67: 172.301
A68: 49 | B68: 21 SPL A4 Path H 13A | C68: 0.266 | D68: 6 | E68: 12993 | F68: 159.851
A69: 49 | B69: 21 SPL A4 Path H 13A | C69: 0.266 | D69: 7 | E69: 12031 | F69: 148.473 | G69: -1.0840577 | H69: 25.576327
A70: 50 | B70: 22 SPL A4 Path H 14A | C70: 0.256 | D70: 6 | E70: 15140 | F70: 191.342
A71: 50 | B71: 22 SPL A4 Path H 14A | C71: 0.256 | D71: 7 | E71: 14165 | F71: 177.92 | G71: -1.0716482 | H71: 25.86208
A72: 51 | B72: 23 SPL A4 Path H 15A | C72: 0.284 | D72: 6 | E72: 16455 | F72: 205.224
A73: 51 | B73: 23 SPL A4 Path H 15A | C73: 0.284 | D73: 7 | E73: 15244 | F73: 192.486 | G73: -1.2564034 | H73: 25.882074
A74: 52 | B74: 24 SPL A4 Path H 16A | C74: 0.25 | D74: 6 | E74: 14181 | F74: 176.537
A75: 52 | B75: 24 SPL A4 Path H 16A | C75: 0.25 | D75: 7 | E75: 13394 | F75: 166.986 | G75: -1.9567351 | H75: 25.845823
A76: 53 | B76: 25 SPL A4 Path H 17A | C76: 0.314 | D76: 6 | E76: 18380 | F76: 232.151
A77: 53 | B77: 25 SPL A4 Path H 17A | C77: 0.314 | D77: 7 | E77: 17109 | F77: 218.132 | G77: -1.6105628 | H77: 25.61922
A78: 54 | B78: 26 SPL A4 Path H 18A | C78: 0.27 | D78: 6 | E78: 15081 | F78: 184.211
A79: 54 | B79: 26 SPL A4 Path H 18A | C79: 0.27 | D79: 7 | E79: 14168 | F79: 172.403 | G79: -1.7283602 | H79: 25.419909
A80: 55 | B80: 27 SPL A4 Path H 19A | C80: 0.256 | D80: 6 | E80: 14590 | F80: 185.758
A81: 55 | B81: 27 SPL A4 Path H 19A | C81: 0.256 | D81: 7 | E81: 13610 | F81: 172.738 | G81: -1.1408841 | H81: 25.496922
A82: 56 | B82: 28 SPL A4 Path H 20A | C82: 0.232 | D82: 6 | E82: 13554 | F82: 164.466
A83: 56 | B83: 28 SPL A4 Path H 20A | C83: 0.232 | D83: 7 | E83: 12696 | F83: 153.8 | G83: -1.9198852 | H83: 25.611908
A84: 57 | B84: 29 SPL A4 Path H 21A | C84: 0.23 | D84: 6 | E84: 12828 | F84: 163.629
A85: 57 | B85: 29 SPL A4 Path H 21A | C85: 0.23 | D85: 7 | E85: 11967 | F85: 151.984 | G85: -1.6063985 | H85: 25.79473
A86: 58 | B86: 30 SPL A4 Path H 22A | C86: 0.308 | D86: 6 | E86: 18990 | F86: 228.877
A87: 58 | B87: 30 SPL A4 Path H 22A | C87: 0.308 | D87: 7 | E87: 17679 | F87: 213.082 | G87: -1.4644872 | H87: 25.938315
A88: 59 | B88: UTM | C88: 0.252 | D88: 6 | E88: 14088 | F88: 178.838
A89: 61 | B89: 31 SPL A4 Path H 23A | C89: 0.224 | D89: 6 | E89: 12532 | F89: 158.467
A90: 61 | B90: 31 SPL A4 Path H 23A | C90: 0.224 | D90: 7 | E90: 11776 | F90: 147.623 | G90: -1.5541724 | H90: 25.840426
A91: 62 | B91: 32 SPL A4 Path H 24A | C91: 0.278 | D91: 6 | E91: 17297 | F91: 216.478
A92: 62 | B92: 32 SPL A4 Path H 24A | C92: 0.278 | D92: 7 | E92: 16012 | F92: 203.151 | G92: -1.7266304 | H92: 25.553696
A93: 63 | B93: 33 SPL A4 Path H 25A | C93: 0.242 | D93: 6 | E93: 14482 | F93: 180.271
A94: 63 | B94: 33 SPL A4 Path H 25A | C94: 0.242 | D94: 7 | E94: 13652 | F94: 168.474 | G94: -2.0218969 | H94: 25.267142
A95: 64 | B95: 34 SPL A4 Path H 26A | C95: 0.236 | D95: 6 | E95: 13280 | F95: 168.73
A96: 64 | B96: 34 SPL A4 Path H 26A | C96: 0.236 | D96: 7 | E96: 12313 | F96: 156.424 | G96: -1.6864602 | H96: 25.279772
A97: 65 | B97: 35 SPL A4 Path H 27A | C97: 0.24 | D97: 6 | E97: 13686 | F97: 167.848
A98: 65 | B98: 35 SPL A4 Path H 27A | C98: 0.24 | D98: 7 | E98: 12903 | F98: 157.03 | G98: -1.9077482 | H98: 25.38652
A99: 66 | B99: 36 SPL A4 Path H 28A | C99: 0.238 | D99: 6 | E99: 13464 | F99: 171.725
A100: 66 | B100: 36 SPL A4 Path H 28A | C100: 0.238 | D100: 7 | E100: 12547 | F100: 159.626 | G100: -2.0979688 | H100: 25.58706
A101: 67 | B101: 37 SPL A4 Path H 29A | C101: 0.236 | D101: 6 | E101: 14264 | F101: 173.017
...

Sheet RAW_Corrected
A1: Row | B1: Identifier 1 | C1: Identifier 2 | D1: Peak Nr | E1: Ampl 44 | F1: Area 44 | G1: d 13C/12C | H1: d 18O/16O | J1: d 13C/12C ave | K1: stnd dev | M1: Ave ampl 44 | N1: std dev amp 44 | P1: d 18O/16O ave | Q1: stnd dev | S1: d 13C/12C amp 44 Corr | T1: d 13C/12C drift Corr | W1: d 18O/16O Amp 44 Corr | X1: d 18O/16O Drift Corr | Z1: δ13C (PDB) | AA1: δ18O (SMOW)
A3: 2 | B3: NBS 18 | C3: 0.23 | D3: 6 | E3: 13350 | F3: 169.452 | G3: -4.729 | H3: 17.385
A4: 2 | B4: NBS 18 | C4: 0.23 | D4: 7 | E4: 12410 | F4: 157.446 | G4: -4.666 | H4: 17.391 | J4: =AVERAGE(G3:G4) -> -4.6975 | K4: =STDEV(G3:G4) -> 0.044547727 | M4: =AVERAGE(E3:E4) -> 12880 | N4: =STDEV(E3:E4) -> 664.68037 | P4: =AVERAGE(H3:H4) -> 17.388 | Q4: =STDEV(H3:H4) -> 0.0042426407 | S4: =J4-(M4-Standards!$N$124)*Standards!$AA$55 -> -4.681878 | T4: =S4-(A4-Standards!$A$124)*Standards!$AA$4 -> -4.6472692 | W4: =P4-(M4-Standards!$N$124)*Standards!$AL$54 -> 17.369254 | X4: =W4-(A4-Standards!$A$124)*Standards!$AL$5 -> 17.373803 | Z4: =(T4*Standards!$O$159)+Standards!$O$160 -> -5.0061492 | AA4: =(X4*Standards!$U$159)+Standards!$U$160 -> 7.2640639
A5: 3 | B5: NBS18 | C5: 0.248 | D5: 6 | E5: 15170 | F5: 185.483 | G5: -4.729 | H5: 17.3
A6: 3 | B6: NBS18 | C6: 0.248 | D6: 7 | E6: 14309 | F6: 173.645 | G6: -4.677 | H6: 17.324 | J6: =AVERAGE(G5:G6) -> -4.703 | K6: =STDEV(G5:G6) -> 0.036769553 | M6: =AVERAGE(E5:E6) -> 14739.5 | N6: =STDEV(E5:E6) -> 608.81894 | P6: =AVERAGE(H5:H6) -> 17.312 | Q6: =STDEV(H5:H6) -> 0.016970563 | S6: =J6-(M6-Standards!$N$124)*Standards!$AA$55 -> -4.7106218 | T6: =S6-(A6-Standards!$A$124)*Standards!$AA$4 -> -4.6764389 | W6: =P6-(M6-Standards!$N$124)*Standards!$AL$54 -> 17.321146 | X6: =W6-(A6-Standards!$A$124)*Standards!$AL$5 -> 17.32564 | Z6: =(T6*Standards!$O$159)+Standards!$O$160 -> -5.0355364 | AA6: =(X6*Standards!$U$159)+Standards!$U$160 -> 7.2168583
A7: 4 | B7: NBS18 | C7: 0.258 | D7: 6 | E7: 15628 | F7: 198.581 | G7: -4.658 | H7: 17.243 | X7: .
A8: 4 | B8: NBS18 | C8: 0.258 | D8: 7 | E8: 14585 | F8: 184.826 | G8: -4.618 | H8: 17.258 | J8: =AVERAGE(G7:G8) -> -4.638 | K8: =STDEV(G7:G8) -> 0.028284271 | M8: =AVERAGE(E7:E8) -> 15106.5 | N8: =STDEV(E7:E8) -> 737.51237 | P8: =AVERAGE(H7:H8) -> 17.2505 | Q8: =STDEV(H7:H8) -> 0.010606602 | S8: =J8-(M8-Standards!$N$124)*Standards!$AA$55 -> -4.6502093 | T8: =S8-(A8-Standards!$A$124)*Standards!$AA$4 -> -4.6164524 | W8: =P8-(M8-Standards!$N$124)*Standards!$AL$54 -> 17.265151 | X8: =W8-(A8-Standards!$A$124)*Standards!$AL$5 -> 17.269589 | Z8: =(T8*Standards!$O$159)+Standards!$O$160 -> -4.9751028 | AA8: =(X8*Standards!$U$159)+Standards!$U$160 -> 7.161922
A9: 5 | B9: NBS18 | C9: 0.246 | D9: 6 | E9: 17291 | F9: 208.851 | G9: -4.701 | H9: 17.2
A10: 5 | B10: NBS18 | C10: 0.246 | D10: 7 | E10: 16186 | F10: 197.149 | G10: -4.746 | H10: 17.236 | J10: =AVERAGE(G9:G10) -> -4.7235 | K10: =STDEV(G9:G10) -> 0.031819805 | M10: =AVERAGE(E9:E10) -> 16738.5 | N10: =STDEV(E9:E10) -> 781.35299 | P10: =AVERAGE(H9:H10) -> 17.218 | Q10: =STDEV(H9:H10) -> 0.025455844 | S10: =J10-(M10-Standards!$N$124)*Standards!$AA$55 -> -4.7561093 | T10: =S10-(A10-Standards!$A$124)*Standards!$AA$4 -> -4.7227784 | W10: =P10-(M10-Standards!$N$124)*Standards!$AL$54 -> 17.257131 | X10: =W10-(A10-Standards!$A$124)*Standards!$AL$5 -> 17.261513 | Z10: =(T10*Standards!$O$159)+Standards!$O$160 -> -5.0822212 | AA10: =(X10*Standards!$U$159)+Standards!$U$160 -> 7.1540066
A11: 6 | B11: NBS 19 | C11: 0.22 | D11: 6 | E11: 13590 | F11: 172.613 | G11: 2.212 | H11: 39.091
A12: 6 | B12: NBS 19 | C12: 0.22 | D12: 7 | E12: 12673 | F12: 160.447 | G12: 2.265 | H12: 39.105 | J12: =AVERAGE(G11:G12) -> 2.2385 | K12: =STDEV(G11:G12) -> 0.037476659 | M12: =AVERAGE(E11:E12) -> 13131.5 | N12: =STDEV(E11:E12) -> 648.41692 | P12: =AVERAGE(H11:H12) -> 39.098 | Q12: =STDEV(H11:H12) -> 0.0098994949 | S12: =J12-(M12-Standards!$N$124)*Standards!$AA$55 -> 2.2509782 | T12: =S12-(A12-Standards!$A$124)*Standards!$AA$4 -> 2.2838831 | W12: =P12-(M12-Standards!$N$124)*Standards!$AL$54 -> 39.083026 | X12: =W12-(A12-Standards!$A$124)*Standards!$AL$5 -> 39.087352 | Z12: =(T12*Standards!$O$159)+Standards!$O$160 -> 1.976658 | AA12: =(X12*Standards!$U$159)+Standards!$U$160 -> 28.545773
A13: 7 | B13: NBS 19 | C13: 0.286 | D13: 6 | E13: 20377 | F13: 248.591 | G13: 2.333 | H13: 39.058
A14: 7 | B14: NBS 19 | C14: 0.286 | D14: 7 | E14: 18792 | F14: 230.568 | G14: 2.386 | H14: 39.059 | J14: =AVERAGE(G13:G14) -> 2.3595 | K14: =STDEV(G13:G14) -> 0.037476659 | M14: =AVERAGE(E13:E14) -> 19584.5 | N14: =STDEV(E13:E14) -> 1120.7642 | P14: =AVERAGE(H13:H14) -> 39.0585 | Q14: =STDEV(H13:H14) -> 0.00070710678 | S14: =J14-(M14-Standards!$N$124)*Standards!$AA$55 -> 2.2913157 | T14: =S14-(A14-Standards!$A$124)*Standards!$AA$4 -> 2.3237946 | W14: =P14-(M14-Standards!$N$124)*Standards!$AL$54 -> 39.140321 | X14: =W14-(A14-Standards!$A$124)*Standards!$AL$5 -> 39.144591 | Z14: =(T14*Standards!$O$159)+Standards!$O$160 -> 2.016867 | AA14: =(X14*Standards!$U$159)+Standards!$U$160 -> 28.601873
A15: 8 | B15: NBS 19 | C15: 0.286 | D15: 6 | E15: 17177 | F15: 215.748 | G15: 2.298 | H15: 39.043
A16: 8 | B16: NBS 19 | C16: 0.286 | D16: 7 | E16: 16128 | F16: 203.088 | G16: 2.269 | H16: 39.077 | J16: =AVERAGE(G15:G16) -> 2.2835 | K16: =STDEV(G15:G16) -> 0.020506097 | M16: =AVERAGE(E15:E16) -> 16652.5 | N16: =STDEV(E15:E16) -> 741.75501 | P16: =AVERAGE(H15:H16) -> 39.06 | Q16: =STDEV(H15:H16) -> 0.024041631 | S16: =J16-(M16-Standards!$N$124)*Standards!$AA$55 -> 2.2519657 | T16: =S16-(A16-Standards!$A$124)*Standards!$AA$4 -> 2.2840186 | W16: =P16-(M16-Standards!$N$124)*Standards!$AL$54 -> 39.097841 | X16: =W16-(A16-Standards!$A$124)*Standards!$AL$5 -> 39.102055 | Z16: =(T16*Standards!$O$159)+Standards!$O$160 -> 1.9767945 | AA16: =(X16*Standards!$U$159)+Standards!$U$160 -> 28.560183
A17: 9 | B17: NBS 19 | C17: 0.216 | D17: 6 | E17: 11846 | F17: 150.025 | G17: 2.21 | H17: 39.246
A18: 9 | B18: NBS 19 | C18: 0.216 | D18: 7 | E18: 10987 | F18: 139.3 | G18: 2.263 | H18: 39.241 | J18: =AVERAGE(G17:G18) -> 2.2365 | K18: =STDEV(G17:G18) -> 0.037476659 | M18: =AVERAGE(E17:E18) -> 11416.5 | N18: =STDEV(E17:E18) -> 607.40473 | P18: =AVERAGE(H17:H18) -> 39.2435 | Q18: =STDEV(H17:H18) -> 0.0035355339 | S18: =J18-(M18-Standards!$N$124)*Standards!$AA$55 -> 2.2704157 | T18: =S18-(A18-Standards!$A$124)*Standards!$AA$4 -> 2.3020426 | W18: =P18-(M18-Standards!$N$124)*Standards!$AL$54 -> 39.202801 | X18: =W18-(A18-Standards!$A$124)*Standards!$AL$5 -> 39.206959 | Z18: =(T18*Standards!$O$159)+Standards!$O$160 -> 1.9949529 | AA18: =(X18*Standards!$U$159)+Standards!$U$160 -> 28.663001
A19: 10 | B19: UTM | C19: 0.268 | D19: 6 | E19: 14953 | F19: 183.512 | G19: 4.629 | H19: 36.991
A20: 10 | B20: UTM | C20: 0.268 | D20: 7 | E20: 14114 | F20: 171.817 | G20: 4.728 | H20: 37.025 | J20: =AVERAGE(G19:G20) -> 4.6785 | K20: =STDEV(G19:G20) -> 0.070003571 | M20: =AVERAGE(E19:E20) -> 14533.5 | N20: =STDEV(E19:E20) -> 593.26259 | P20: =AVERAGE(H19:H20) -> 37.008 | Q20: =STDEV(H19:H20) -> 0.024041631 | S20: =J20-(M20-Standards!$N$124)*Standards!$AA$55 -> 4.6734532 | T20: =S20-(A20-Standards!$A$124)*Standards!$AA$4 -> 4.7046541 | W20: =P20-(M20-Standards!$N$124)*Standards!$AL$54 -> 37.014056 | X20: =W20-(A20-Standards!$A$124)*Standards!$AL$5 -> 37.018158 | Z20: =(T20*Standards!$O$159)+Standards!$O$160 -> 4.41547 | AA20: =(X20*Standards!$U$159)+Standards!$U$160 -> 26.517731
A21: 11 | B21: UTM | C21: 0.224 | D21: 6 | E21: 11903 | F21: 152.077 | G21: 4.725 | H21: 37.112
A22: 11 | B22: UTM | C22: 0.224 | D22: 7 | E22: 11107 | F22: 141.435 | G22: 4.786 | H22: 37.146 | J22: =AVERAGE(G21:G22) -> 4.7555 | K22: =STDEV(G21:G22) -> 0.043133514 | M22: =AVERAGE(E21:E22) -> 11505 | N22: =STDEV(E21:E22) -> 562.857 | P22: =AVERAGE(H21:H22) -> 37.129 | Q22: =STDEV(H21:H22) -> 0.024041631 | S22: =J22-(M22-Standards!$N$124)*Standards!$AA$55 -> 4.7883095 | T22: =S22-(A22-Standards!$A$124)*Standards!$AA$4 -> 4.8190843 | W22: =P22-(M22-Standards!$N$124)*Standards!$AL$54 -> 37.089629 | X22: =W22-(A22-Standards!$A$124)*Standards!$AL$5 -> 37.093674 | Z22: =(T22*Standards!$O$159)+Standards!$O$160 -> 4.5307531 | AA22: =(X22*Standards!$U$159)+Standards!$U$160 -> 26.591746
A23: 12 | B23: UTM | C23: 0.22 | D23: 6 | E23: 12846 | F23: 156.389 | G23: 4.641 | H23: 37.003
A24: 12 | B24: UTM | C24: 0.22 | D24: 7 | E24: 12045 | F24: 145.945 | G24: 4.737 | H24: 37.001 | J24: =AVERAGE(G23:G24) -> 4.689 | K24: =STDEV(G23:G24) -> 0.067882251 | M24: =AVERAGE(E23:E24) -> 12445.5 | N24: =STDEV(E23:E24) -> 566.39253 | P24: =AVERAGE(H23:H24) -> 37.002 | Q24: =STDEV(H23:H24) -> 0.0014142136 | S24: =J24-(M24-Standards!$N$124)*Standards!$AA$55 -> 4.7100532 | T24: =S24-(A24-Standards!$A$124)*Standards!$AA$4 -> 4.7404021 | W24: =P24-(M24-Standards!$N$124)*Standards!$AL$54 -> 36.976736 | X24: =W24-(A24-Standards!$A$124)*Standards!$AL$5 -> 36.980726 | Z24: =(T24*Standards!$O$159)+Standards!$O$160 -> 4.4514845 | AA24: =(X24*Standards!$U$159)+Standards!$U$160 -> 26.481043
A25: 13 | B25: 12 SPL A Path O 3A | C25: 0.208 | D25: 6 | E25: 15333 | F25: 194.652 | G25: -0.52 | H25: 36.024
A26: 13 | B26: 12 SPL A Path O 3A | C26: 0.208 | D26: 7 | E26: 14281 | F26: 180.81 | G26: -0.471 | H26: 36.076 | J26: =AVERAGE(G25:G26) -> -0.4955 | K26: =STDEV(G25:G26) -> 0.034648232 | M26: =AVERAGE(E25:E26) -> 14807 | N26: =STDEV(E25:E26) -> 743.87633 | P26: =AVERAGE(H25:H26) -> 36.05 | Q26: =STDEV(H25:H26) -> 0.036769553 | S26: =J26-(M26-Standards!$N$124)*Standards!$AA$55 -> -0.50396552 | T26: =S26-(A26-Standards!$A$124)*Standards!$AA$4 -> -0.47404269 | W26: =P26-(M26-Standards!$N$124)*Standards!$AL$54 -> 36.060159 | X26: =W26-(A26-Standards!$A$124)*Standards!$AL$5 -> 36.064092 | Z26: =(T26*Standards!$O$159)+Standards!$O$160 -> -0.8018214 | AA26: =(X26*Standards!$U$159)+Standards!$U$160 -> 25.58264
A27: 14 | B27: 12 SPL A Path O 4A | C27: 0.251 | D27: 6 | E27: 12939 | F27: 157.223 | G27: -0.959 | H27: 36.11
A28: 14 | B28: 12 SPL A Path O 4A | C28: 0.251 | D28: 7 | E28: 12052 | F28: 146.341 | G28: -0.853 | H28: 36.175 | J28: =AVERAGE(G27:G28) -> -0.906 | K28: =STDEV(G27:G28) -> 0.074953319 | M28: =AVERAGE(E27:E28) -> 12495.5 | N28: =STDEV(E27:E28) -> 627.20371 | P28: =AVERAGE(H27:H28) -> 36.1425 | Q28: =STDEV(H27:H28) -> 0.045961941 | S28: =J28-(M28-Standards!$N$124)*Standards!$AA$55 -> -0.88557177 | T28: =S28-(A28-Standards!$A$124)*Standards!$AA$4 -> -0.85607494 | W28: =P28-(M28-Standards!$N$124)*Standards!$AL$54 -> 36.117986 | X28: =W28-(A28-Standards!$A$124)*Standards!$AL$5 -> 36.121864 | Z28: =(T28*Standards!$O$159)+Standards!$O$160 -> -1.1867008 | AA28: =(X28*Standards!$U$159)+Standards!$U$160 -> 25.639263
A29: 15 | B29: 12 SPL A Path O 5A | C29: 0.249 | D29: 6 | E29: 17843 | F29: 225.331 | G29: -0.886 | H29: 36.155
A30: 15 | B30: 12 SPL A Path O 5A | C30: 0.249 | D30: 7 | E30: 16673 | F30: 212.049 | G30: -0.92 | H30: 36.253 | J30: =AVERAGE(G29:G30) -> -0.903 | K30: =STDEV(G29:G30) -> 0.024041631 | M30: =AVERAGE(E29:E30) -> 17258 | N30: =STDEV(E29:E30) -> 827.31493 | P30: =AVERAGE(H29:H30) -> 36.204 | Q30: =STDEV(H29:H30) -> 0.069296465 | S30: =J30-(M30-Standards!$N$124)*Standards!$AA$55 -> -0.94210302 | T30: =S30-(A30-Standards!$A$124)*Standards!$AA$4 -> -0.91303219 | W30: =P30-(M30-Standards!$N$124)*Standards!$AL$54 -> 36.250924 | X30: =W30-(A30-Standards!$A$124)*Standards!$AL$5 -> 36.254745 | Z30: =(T30*Standards!$O$159)+Standards!$O$160 -> -1.2440825 | AA30: =(X30*Standards!$U$159)+Standards!$U$160 -> 25.769501
A31: 16 | B31: 12 SPL A Path O 6A | C31: 0.245 | D31: 6 | E31: 23763 | F31: 288.937 | G31: -0.591 | H31: 36.06
A32: 16 | B32: 12 SPL A Path O 6A | C32: 0.245 | D32: 7 | E32: 21957 | F32: 270.774 | G32: -0.635 | H32: 36.158 | J32: =AVERAGE(G31:G32) -> -0.613 | K32: =STDEV(G31:G32) -> 0.031112698 | M32: =AVERAGE(E31:E32) -> 22860 | N32: =STDEV(E31:E32) -> 1277.0348 | P32: =AVERAGE(H31:H32) -> 36.109 | Q32: =STDEV(H31:H32) -> 0.069296465 | S32: =J32-(M32-Standards!$N$124)*Standards!$AA$55 -> -0.72212802 | T32: =S32-(A32-Standards!$A$124)*Standards!$AA$4 -> -0.69348319 | W32: =P32-(M32-Standards!$N$124)*Standards!$AL$54 -> 36.239954 | X32: =W32-(A32-Standards!$A$124)*Standards!$AL$5 -> 36.243719 | Z32: =(T32*Standards!$O$159)+Standards!$O$160 -> -1.0228973 | AA32: =(X32*Standards!$U$159)+Standards!$U$160 -> 25.758695
A33: 17 | B33: 12 SPL A Path O 7A | C33: 0.233 | D33: 6 | E33: 19610 | F33: 244.941 | G33: -0.637 | H33: 36.154
A34: 17 | B34: 12 SPL A Path O 7A | C34: 0.233 | D34: 7 | E34: 18377 | F34: 227.759 | G34: -0.614 | H34: 36.168 | J34: =AVERAGE(G33:G34) -> -0.6255 | K34: =STDEV(G33:G34) -> 0.016263456 | M34: =AVERAGE(E33:E34) -> 18993.5 | N34: =STDEV(E33:E34) -> 871.86266 | P34: =AVERAGE(H33:H34) -> 36.161 | Q34: =STDEV(H33:H34) -> 0.0098994949 | S34: =J34-(M34-Standards!$N$124)*Standards!$AA$55 -> -0.68629677 | T34: =S34-(A34-Standards!$A$124)*Standards!$AA$4 -> -0.65807794 | W34: =P34-(M34-Standards!$N$124)*Standards!$AL$54 -> 36.233956 | X34: =W34-(A34-Standards!$A$124)*Standards!$AL$5 -> 36.237666 | Z34: =(T34*Standards!$O$159)+Standards!$O$160 -> -0.98722819 | AA34: =(X34*Standards!$U$159)+Standards!$U$160 -> 25.752761
A35: 18 | B35: 12 SPL A Path O 8A | C35: 0.246 | D35: 6 | E35: 18516 | F35: 232.02 | G35: -0.727 | H35: 36.283
A36: 18 | B36: 12 SPL A Path O 8A | C36: 0.246 | D36: 7 | E36: 17131 | F36: 215.102 | G36: -0.789 | H36: 36.183 | J36: =AVERAGE(G35:G36) -> -0.758 | K36: =STDEV(G35:G36) -> 0.04384062 | M36: =AVERAGE(E35:E36) -> 17823.5 | N36: =STDEV(E35:E36) -> 979.34289 | P36: =AVERAGE(H35:H36) -> 36.233 | Q36: =STDEV(H35:H36) -> 0.070710678 | S36: =J36-(M36-Standards!$N$124)*Standards!$AA$55 -> -0.80417177 | T36: =S36-(A36-Standards!$A$124)*Standards!$AA$4 -> -0.77637894 | W36: =P36-(M36-Standards!$N$124)*Standards!$AL$54 -> 36.288406 | X36: =W36-(A36-Standards!$A$124)*Standards!$AL$5 -> 36.29206 | Z36: =(T36*Standards!$O$159)+Standards!$O$160 -> -1.1064108 | AA36: =(X36*Standards!$U$159)+Standards!$U$160 -> 25.806074
A37: 19 | B37: 12 SPL A Path O 9A | C37: 0.213 | D37: 6 | E37: 14870 | F37: 182.829 | G37: -0.843 | H37: 36.125
A38: 19 | B38: 12 SPL A Path O 9A | C38: 0.213 | D38: 7 | E38: 14001 | F38: 171 | G38: -0.778 | H38: 36.161 | J38: =AVERAGE(G37:G38) -> -0.8105 | K38: =STDEV(G37:G38) -> 0.045961941 | M38: =AVERAGE(E37:E38) -> 14435.5 | N38: =STDEV(E37:E38) -> 614.47579 | P38: =AVERAGE(H37:H38) -> 36.143 | Q38: =STDEV(H37:H38) -> 0.025455844 | S38: =J38-(M38-Standards!$N$124)*Standards!$AA$55 -> -0.81432177 | T38: =S38-(A38-Standards!$A$124)*Standards!$AA$4 -> -0.78695494 | W38: =P38-(M38-Standards!$N$124)*Standards!$AL$54 -> 36.147586 | X38: =W38-(A38-Standards!$A$124)*Standards!$AL$5 -> 36.151184 | Z38: =(T38*Standards!$O$159)+Standards!$O$160 -> -1.1170657 | AA38: =(X38*Standards!$U$159)+Standards!$U$160 -> 25.667999
A39: 20 | B39: 12 SPL A Path O 10A | C39: 0.248 | D39: 6 | E39: 16047 | F39: 203.691 | G39: -0.544 | H39: 36.129
A40: 20 | B40: 12 SPL A Path O 10A | C40: 0.248 | D40: 7 | E40: 14981 | F40: 191.732 | G40: -0.556 | H40: 36.137 | J40: =AVERAGE(G39:G40) -> -0.55 | K40: =STDEV(G39:G40) -> 0.0084852814 | M40: =AVERAGE(E39:E40) -> 15514 | N40: =STDEV(E39:E40) -> 753.77583 | P40: =AVERAGE(H39:H40) -> 36.133 | Q40: =STDEV(H39:H40) -> 0.0056568542 | S40: =J40-(M40-Standards!$N$124)*Standards!$AA$55 -> -0.56730302 | T40: =S40-(A40-Standards!$A$124)*Standards!$AA$4 -> -0.54036219 | W40: =P40-(M40-Standards!$N$124)*Standards!$AL$54 -> 36.153764 | X40: =W40-(A40-Standards!$A$124)*Standards!$AL$5 -> 36.157305 | Z40: =(T40*Standards!$O$159)+Standards!$O$160 -> -0.86863515 | AA40: =(X40*Standards!$U$159)+Standards!$U$160 -> 25.673999
A41: 21 | B41: 12 SPL A Path O 11A | C41: 0.238 | D41: 6 | E41: 17997 | F41: 218.108 | G41: -0.827 | H41: 35.995
A42: 21 | B42: 12 SPL A Path O 11A | C42: 0.238 | D42: 7 | E42: 16921 | F42: 204.087 | G42: -0.777 | H42: 35.986 | J42: =AVERAGE(G41:G42) -> -0.802 | K42: =STDEV(G41:G42) -> 0.035355339 | M42: =AVERAGE(E41:E42) -> 17459 | N42: =STDEV(E41:E42) -> 760.8469 | P42: =AVERAGE(H41:H42) -> 35.9905 | Q42: =STDEV(H41:H42) -> 0.006363961 | S42: =J42-(M42-Standards!$N$124)*Standards!$AA$55 -> -0.84361552 | T42: =S42-(A42-Standards!$A$124)*Standards!$AA$4 -> -0.81710069 | W42: =P42-(M42-Standards!$N$124)*Standards!$AL$54 -> 36.040439 | X42: =W42-(A42-Standards!$A$124)*Standards!$AL$5 -> 36.043924 | Z42: =(T42*Standards!$O$159)+Standards!$O$160 -> -1.1474361 | AA42: =(X42*Standards!$U$159)+Standards!$U$160 -> 25.562873
A43: 22 | B43: 12 SPL A Path O 12A | C43: 0.2 | D43: 6 | E43: 16487 | F43: 209.572 | G43: -0.657 | H43: 35.979
A44: 22 | B44: 12 SPL A Path O 12A | C44: 0.2 | D44: 7 | E44: 15359 | F44: 194.735 | G44: -0.606 | H44: 36.041 | J44: =AVERAGE(G43:G44) -> -0.6315 | K44: =STDEV(G43:G44) -> 0.036062446 | M44: =AVERAGE(E43:E44) -> 15923 | N44: =STDEV(E43:E44) -> 797.61645 | P44: =AVERAGE(H43:H44) -> 36.01 | Q44: =STDEV(H43:H44) -> 0.04384062 | S44: =J44-(M44-Standards!$N$124)*Standards!$AA$55 -> -0.65391552 | T44: =S44-(A44-Standards!$A$124)*Standards!$AA$4 -> -0.62782669 | W44: =P44-(M44-Standards!$N$124)*Standards!$AL$54 -> 36.036899 | X44: =W44-(A44-Standards!$A$124)*Standards!$AL$5 -> 36.040328 | Z44: =(T44*Standards!$O$159)+Standards!$O$160 -> -0.95675149 | AA44: =(X44*Standards!$U$159)+Standards!$U$160 -> 25.559349
A45: 23 | B45: UTM | C45: 0.242 | D45: 6 | E45: 14249 | F45: 172.765 | G45: 4.723 | H45: 37.028
A46: 23 | B46: UTM | C46: 0.242 | D46: 7 | E46: 13358 | F46: 161.717 | G46: 4.749 | H46: 37.039 | J46: =AVERAGE(G45:G46) -> 4.736 | K46: =STDEV(G45:G46) -> 0.018384776 | M46: =AVERAGE(E45:E46) -> 13803.5 | N46: =STDEV(E45:E46) -> 630.03214 | P46: =AVERAGE(H45:H46) -> 37.0335 | Q46: =STDEV(H45:H46) -> 0.0077781746 | S46: =J46-(M46-Standards!$N$124)*Standards!$AA$55 -> 4.7400782 | T46: =S46-(A46-Standards!$A$124)*Standards!$AA$4 -> 4.7657411 | W46: =P46-(M46-Standards!$N$124)*Standards!$AL$54 -> 37.028606 | X46: =W46-(A46-Standards!$A$124)*Standards!$AL$5 -> 37.03198 | Z46: =(T46*Standards!$O$159)+Standards!$O$160 -> 4.4770123 | AA46: =(X46*Standards!$U$159)+Standards!$U$160 -> 26.531278
A47: 24 | B47: UTM | C47: 0.25 | D47: 6 | E47: 13745 | F47: 175.069 | G47: 4.738 | H47: 36.983
A48: 24 | B48: UTM | C48: 0.25 | D48: 7 | E48: 12838 | F48: 162.933 | G48: 4.796 | H48: 37.031 | J48: =AVERAGE(G47:G48) -> 4.767 | K48: =STDEV(G47:G48) -> 0.041012193 | M48: =AVERAGE(E47:E48) -> 13291.5 | N48: =STDEV(E47:E48) -> 641.34585 | P48: =AVERAGE(H47:H48) -> 37.007 | Q48: =STDEV(H47:H48) -> 0.033941125 | S48: =J48-(M48-Standards!$N$124)*Standards!$AA$55 -> 4.7774782 | T48: =S48-(A48-Standards!$A$124)*Standards!$AA$4 -> 4.8027151 | W48: =P48-(M48-Standards!$N$124)*Standards!$AL$54 -> 36.994426 | X48: =W48-(A48-Standards!$A$124)*Standards!$AL$5 -> 36.997744 | Z48: =(T48*Standards!$O$159)+Standards!$O$160 -> 4.5142618 | AA48: =(X48*Standards!$U$159)+Standards!$U$160 -> 26.497723
A49: 25 | B49: 21 SPL A Path O 13A | C49: 0.23 | D49: 6 | E49: 15228 | F49: 185.047 | G49: -0.552 | H49: 36.087
A50: 25 | B50: 21 SPL A Path O 13A | C50: 0.23 | D50: 7 | E50: 14146 | F50: 171.922 | G50: -0.494 | H50: 36.127 | J50: =AVERAGE(G49:G50) -> -0.523 | K50: =STDEV(G49:G50) -> 0.041012193 | M50: =AVERAGE(E49:E50) -> 14687 | N50: =STDEV(E49:E50) -> 765.08954 | P50: =AVERAGE(H49:H50) -> 36.107 | Q50: =STDEV(H49:H50) -> 0.028284271 | S50: =J50-(M50-Standards!$N$124)*Standards!$AA$55 -> -0.52996552 | T50: =S50-(A50-Standards!$A$124)*Standards!$AA$4 -> -0.50515469 | W50: =P50-(M50-Standards!$N$124)*Standards!$AL$54 -> 36.115359 | X50: =W50-(A50-Standards!$A$124)*Standards!$AL$5 -> 36.11862 | Z50: =(T50*Standards!$O$159)+Standards!$O$160 -> -0.83316526 | AA50: =(X50*Standards!$U$159)+Standards!$U$160 -> 25.636084
A51: 26 | B51: 22 SPL A Path O 14A | C51: 0.212 | D51: 6 | E51: 20912 | F51: 263.157 | G51: -0.448 | H51: 36.035
A52: 26 | B52: 22 SPL A Path O 14A | C52: 0.212 | D52: 7 | E52: 19518 | F52: 247.169 | G52: -0.483 | H52: 36.066 | J52: =AVERAGE(G51:G52) -> -0.4655 | K52: =STDEV(G51:G52) -> 0.024748737 | M52: =AVERAGE(E51:E52) -> 20215 | N52: =STDEV(E51:E52) -> 985.70685 | P52: =AVERAGE(H51:H52) -> 36.0505 | Q52: =STDEV(H51:H52) -> 0.02192031 | S52: =J52-(M52-Standards!$N$124)*Standards!$AA$55 -> -0.54156552 | T52: =S52-(A52-Standards!$A$124)*Standards!$AA$4 -> -0.51718069 | W52: =P52-(M52-Standards!$N$124)*Standards!$AL$54 -> 36.141779 | X52: =W52-(A52-Standards!$A$124)*Standards!$AL$5 -> 36.144984 | Z52: =(T52*Standards!$O$159)+Standards!$O$160 -> -0.84528089 | AA52: =(X52*Standards!$U$159)+Standards!$U$160 -> 25.661923
A53: 27 | B53: 23 SPL A Path O 15A | C53: 0.201 | D53: 6 | E53: 14414 | F53: 178.495 | G53: -0.744 | H53: 36.272
A54: 27 | B54: 23 SPL A Path O 15A | C54: 0.201 | D54: 7 | E54: 13351 | F54: 167.663 | G54: -0.774 | H54: 36.317 | J54: =AVERAGE(G53:G54) -> -0.759 | K54: =STDEV(G53:G54) -> 0.021213203 | M54: =AVERAGE(E53:E54) -> 13882.5 | N54: =STDEV(E53:E54) -> 751.65451 | P54: =AVERAGE(H53:H54) -> 36.2945 | Q54: =STDEV(H53:H54) -> 0.031819805 | S54: =J54-(M54-Standards!$N$124)*Standards!$AA$55 -> -0.75590927 | T54: =S54-(A54-Standards!$A$124)*Standards!$AA$4 -> -0.73195044 | W54: =P54-(M54-Standards!$N$124)*Standards!$AL$54 -> 36.290791 | X54: =W54-(A54-Standards!$A$124)*Standards!$AL$5 -> 36.293941 | Z54: =(T54*Standards!$O$159)+Standards!$O$160 -> -1.0616512 | AA54: =(X54*Standards!$U$159)+Standards!$U$160 -> 25.807917
A55: 28 | B55: 24 SPL A Path O 16A | C55: 0.253 | D55: 6 | E55: 24173 | F55: 300.878 | G55: -0.512 | H55: 36.216
A56: 28 | B56: 24 SPL A Path O 16A | C56: 0.253 | D56: 7 | E56: 22622 | F56: 279.787 | G56: -0.492 | H56: 36.237 | J56: =AVERAGE(G55:G56) -> -0.502 | K56: =STDEV(G55:G56) -> 0.014142136 | M56: =AVERAGE(E55:E56) -> 23397.5 | N56: =STDEV(E55:E56) -> 1096.7226 | P56: =AVERAGE(H55:H56) -> 36.2265 | Q56: =STDEV(H55:H56) -> 0.014849242 | S56: =J56-(M56-Standards!$N$124)*Standards!$AA$55 -> -0.61784677 | T56: =S56-(A56-Standards!$A$124)*Standards!$AA$4 -> -0.59431394 | W56: =P56-(M56-Standards!$N$124)*Standards!$AL$54 -> 36.365516 | X56: =W56-(A56-Standards!$A$124)*Standards!$AL$5 -> 36.36861 | Z56: =(T56*Standards!$O$159)+Standards!$O$160 -> -0.92298898 | AA56: =(X56*Standards!$U$159)+Standards!$U$160 -> 25.881101
A57: 29 | B57: 25 SPL A Path O 17A | C57: 0.204 | D57: 6 | E57: 22302 | F57: 277.305 | G57: -0.59 | H57: 36.375
A58: 29 | B58: 25 SPL A Path O 17A | C58: 0.204 | D58: 7 | E58: 20546 | F58: 256.603 | G58: -0.574 | H58: 36.363 | J58: =AVERAGE(G57:G58) -> -0.582 | K58: =STDEV(G57:G58) -> 0.011313708 | M58: =AVERAGE(E57:E58) -> 21424 | N58: =STDEV(E57:E58) -> 1241.6795 | P58: =AVERAGE(H57:H58) -> 36.369 | Q58: =STDEV(H57:H58) -> 0.0084852814 | S58: =J58-(M58-Standards!$N$124)*Standards!$AA$55 -> -0.67317802 | T58: =S58-(A58-Standards!$A$124)*Standards!$AA$4 -> -0.65007119 | W58: =P58-(M58-Standards!$N$124)*Standards!$AL$54 -> 36.478414 | X58: =W58-(A58-Standards!$A$124)*Standards!$AL$5 -> 36.481451 | Z58: =(T58*Standards!$O$159)+Standards!$O$160 -> -0.97916177 | AA58: =(X58*Standards!$U$159)+Standards!$U$160 -> 25.991699
A59: 30 | B59: 26 SPL A Path O 18A | C59: 0.224 | D59: 6 | E59: 21565 | F59: 265.621 | G59: -0.292 | H59: 36.023
A60: 30 | B60: 26 SPL A Path O 18A | C60: 0.224 | D60: 7 | E60: 20318 | F60: 250.738 | G60: -0.344 | H60: 36.124 | J60: =AVERAGE(G59:G60) -> -0.318 | K60: =STDEV(G59:G60) -> 0.036769553 | M60: =AVERAGE(E59:E60) -> 20941.5 | N60: =STDEV(E59:E60) -> 881.76216 | P60: =AVERAGE(H59:H60) -> 36.0735 | Q60: =STDEV(H59:H60) -> 0.071417785 | S60: =J60-(M60-Standards!$N$124)*Standards!$AA$55 -> -0.40314677 | T60: =S60-(A60-Standards!$A$124)*Standards!$AA$4 -> -0.38046594 | W60: =P60-(M60-Standards!$N$124)*Standards!$AL$54 -> 36.175676 | X60: =W60-(A60-Standards!$A$124)*Standards!$AL$5 -> 36.178658 | Z60: =(T60*Standards!$O$159)+Standards!$O$160 -> -0.70754726 | AA60: =(X60*Standards!$U$159)+Standards!$U$160 -> 25.694927
A61: 31 | B61: 27 SPL A Path O 19A | C61: 0.24 | D61: 6 | E61: 13784 | F61: 175.055 | G61: -0.255 | H61: 36.304
A62: 31 | B62: 27 SPL A Path O 19A | C62: 0.24 | D62: 7 | E62: 12821 | F62: 162.798 | G62: -0.253 | H62: 36.253 | J62: =AVERAGE(G61:G62) -> -0.254 | K62: =STDEV(G61:G62) -> 0.0014142136 | M62: =AVERAGE(E61:E62) -> 13302.5 | N62: =STDEV(E61:E62) -> 680.94383 | P62: =AVERAGE(H61:H62) -> 36.2785 | Q62: =STDEV(H61:H62) -> 0.036062446 | S62: =J62-(M62-Standards!$N$124)*Standards!$AA$55 -> -0.24365927 | T62: =S62-(A62-Standards!$A$124)*Standards!$AA$4 -> -0.22140444 | W62: =P62-(M62-Standards!$N$124)*Standards!$AL$54 -> 36.266091 | X62: =W62-(A62-Standards!$A$124)*Standards!$AL$5 -> 36.269017 | Z62: =(T62*Standards!$O$159)+Standards!$O$160 -> -0.54730034 | AA62: =(X62*Standards!$U$159)+Standards!$U$160 -> 25.783489
A63: 32 | B63: 28 SPL A Path O 20A | C63: 0.234 | D63: 6 | E63: 12615 | F63: 155.085 | G63: -0.684 | H63: 36.011
A64: 32 | B64: 28 SPL A Path O 20A | C64: 0.234 | D64: 7 | E64: 11872 | F64: 145.224 | G64: -0.668 | H64: 36.041 | J64: =AVERAGE(G63:G64) -> -0.676 | K64: =STDEV(G63:G64) -> 0.011313708 | M64: =AVERAGE(E63:E64) -> 12243.5 | N64: =STDEV(E63:E64) -> 525.38034 | P64: =AVERAGE(H63:H64) -> 36.026 | Q64: =STDEV(H63:H64) -> 0.021213203 | S64: =J64-(M64-Standards!$N$124)*Standards!$AA$55 -> -0.65242177 | T64: =S64-(A64-Standards!$A$124)*Standards!$AA$4 -> -0.63059294 | W64: =P64-(M64-Standards!$N$124)*Standards!$AL$54 -> 35.997706 | X64: =W64-(A64-Standards!$A$124)*Standards!$AL$5 -> 36.000576 | Z64: =(T64*Standards!$O$159)+Standards!$O$160 -> -0.95953835 | AA64: =(X64*Standards!$U$159)+Standards!$U$160 -> 25.520387
A65: 33 | B65: 12 SPL A4 Path H 1A | C65: 0.23 | D65: 6 | E65: 13220 | F65: 168.738 | G65: -1.196 | H65: 35.984
A66: 33 | B66: 12 SPL A4 Path H 1A | C66: 0.23 | D66: 7 | E66: 12325 | F66: 156.808 | G66: -1.196 | H66: 35.917 | J66: =AVERAGE(G65:G66) -> -1.196 | K66: =STDEV(G65:G66) -> 0 | M66: =AVERAGE(E65:E66) -> 12772.5 | N66: =STDEV(E65:E66) -> 632.86057 | P66: =AVERAGE(H65:H66) -> 35.9505 | Q66: =STDEV(H65:H66) -> 0.047376154 | S66: =J66-(M66-Standards!$N$124)*Standards!$AA$55 -> -1.1790343 | T66: =S66-(A66-Standards!$A$124)*Standards!$AA$4 -> -1.1576314 | W66: =P66-(M66-Standards!$N$124)*Standards!$AL$54 -> 35.930141 | X66: =W66-(A66-Standards!$A$124)*Standards!$AL$5 -> 35.932955 | Z66: =(T66*Standards!$O$159)+Standards!$O$160 -> -1.4905047 | AA66: =(X66*Standards!$U$159)+Standards!$U$160 -> 25.454111
A67: 34 | B67: 12 SPL A4 Path H 2A | C67: 0.226 | D67: 6 | E67: 12914 | F67: 157.366 | G67: -1.39 | H67: 36.074
A68: 34 | B68: 12 SPL A4 Path H 2A | C68: 0.226 | D68: 7 | E68: 12115 | F68: 147.048 | G68: -1.37 | H68: 36.06 | J68: =AVERAGE(G67:G68) -> -1.38 | K68: =STDEV(G67:G68) -> 0.014142136 | M68: =AVERAGE(E67:E68) -> 12514.5 | N68: =STDEV(E67:E68) -> 564.97832 | P68: =AVERAGE(H67:H68) -> 36.067 | Q68: =STDEV(H67:H68) -> 0.0098994949 | S68: =J68-(M68-Standards!$N$124)*Standards!$AA$55 -> -1.3598093 | T68: =S68-(A68-Standards!$A$124)*Standards!$AA$4 -> -1.3388324 | W68: =P68-(M68-Standards!$N$124)*Standards!$AL$54 -> 36.042771 | X68: =W68-(A68-Standards!$A$124)*Standards!$AL$5 -> 36.045529 | Z68: =(T68*Standards!$O$159)+Standards!$O$160 -> -1.6730561 | AA68: =(X68*Standards!$U$159)+Standards!$U$160 -> 25.564446
A69: 35 | B69: UTM | C69: 0.274 | D69: 6 | E69: 14725 | F69: 187.218 | G69: 4.747 | H69: 36.978
A70: 35 | B70: UTM | C70: 0.274 | D70: 7 | E70: 13732 | F70: 173.926 | G70: 4.817 | H70: 37.018 | J70: =AVERAGE(G69:G70) -> 4.782 | K70: =STDEV(G69:G70) -> 0.049497475 | M70: =AVERAGE(E69:E70) -> 14228.5 | N70: =STDEV(E69:E70) -> 702.15703 | P70: =AVERAGE(H69:H70) -> 36.998 | Q70: =STDEV(H69:H70) -> 0.028284271 | S70: =J70-(M70-Standards!$N$124)*Standards!$AA$55 -> 4.7807657 | T70: =S70-(A70-Standards!$A$124)*Standards!$AA$4 -> 4.8013166 | W70: =P70-(M70-Standards!$N$124)*Standards!$AL$54 -> 36.999481 | X70: =W70-(A70-Standards!$A$124)*Standards!$AL$5 -> 37.002183 | Z70: =(T70*Standards!$O$159)+Standards!$O$160 -> 4.5128529 | AA70: =(X70*Standards!$U$159)+Standards!$U$160 -> 26.502074
A71: 36 | B71: UTM | C71: 0.296 | D71: 6 | E71: 17746 | F71: 214.783 | G71: 4.71 | H71: 36.938
A72: 36 | B72: UTM | C72: 0.296 | D72: 7 | E72: 16472 | F72: 201.999 | G72: 4.691 | H72: 36.963 | J72: =AVERAGE(G71:G72) -> 4.7005 | K72: =STDEV(G71:G72) -> 0.013435029 | M72: =AVERAGE(E71:E72) -> 17109 | N72: =STDEV(E71:E72) -> 900.85404 | P72: =AVERAGE(H71:H72) -> 36.9505 | Q72: =STDEV(H71:H72) -> 0.01767767 | S72: =J72-(M72-Standards!$N$124)*Standards!$AA$55 -> 4.6632595 | T72: =S72-(A72-Standards!$A$124)*Standards!$AA$4 -> 4.6833843 | W72: =P72-(M72-Standards!$N$124)*Standards!$AL$54 -> 36.995189 | X72: =W72-(A72-Standards!$A$124)*Standards!$AL$5 -> 36.997834 | Z72: =(T72*Standards!$O$159)+Standards!$O$160 -> 4.3940418 | AA72: =(X72*Standards!$U$159)+Standards!$U$160 -> 26.497812
A73: 37 | B73: 12 SPL A4 Path H 3A | C73: 0.228 | D73: 6 | E73: 12279 | F73: 156.118 | G73: -1.525 | H73: 36.171
A74: 37 | B74: 12 SPL A4 Path H 3A | C74: 0.228 | D74: 7 | E74: 11458 | F74: 145.164 | G74: -1.504 | H74: 36.15 | J74: =AVERAGE(G73:G74) -> -1.5145 | K74: =STDEV(G73:G74) -> 0.014849242 | M74: =AVERAGE(E73:E74) -> 11868.5 | N74: =STDEV(E73:E74) -> 580.53467 | P74: =AVERAGE(H73:H74) -> 36.1605 | Q74: =STDEV(H73:H74) -> 0.014849242 | S74: =J74-(M74-Standards!$N$124)*Standards!$AA$55 -> -1.4862343 | T74: =S74-(A74-Standards!$A$124)*Standards!$AA$4 -> -1.4665354 | W74: =P74-(M74-Standards!$N$124)*Standards!$AL$54 -> 36.126581 | X74: =W74-(A74-Standards!$A$124)*Standards!$AL$5 -> 36.129171 | Z74: =(T74*Standards!$O$159)+Standards!$O$160 -> -1.8017108 | AA74: =(X74*Standards!$U$159)+Standards!$U$160 -> 25.646424
A75: 38 | B75: 12 SPL A4 Path H 4A | C75: 0.252 | D75: 6 | E75: 15252 | F75: 187.4 | G75: -1.211 | H75: 36.168
A76: 38 | B76: 12 SPL A4 Path H 4A | C76: 0.252 | D76: 7 | E76: 14114 | F76: 175.803 | G76: -1.224 | H76: 36.188 | J76: =AVERAGE(G75:G76) -> -1.2175 | K76: =STDEV(G75:G76) -> 0.0091923882 | M76: =AVERAGE(E75:E76) -> 14683 | N76: =STDEV(E75:E76) -> 804.68752 | P76: =AVERAGE(H75:H76) -> 36.178 | Q76: =STDEV(H75:H76) -> 0.014142136 | S76: =J76-(M76-Standards!$N$124)*Standards!$AA$55 -> -1.2244155 | T76: =S76-(A76-Standards!$A$124)*Standards!$AA$4 -> -1.2051427 | W76: =P76-(M76-Standards!$N$124)*Standards!$AL$54 -> 36.186299 | X76: =W76-(A76-Standards!$A$124)*Standards!$AL$5 -> 36.188832 | Z76: =(T76*Standards!$O$159)+Standards!$O$160 -> -1.53837 | AA76: =(X76*Standards!$U$159)+Standards!$U$160 -> 25.704899
A77: 39 | B77: 12 SPL A4 Path H 5A | C77: 0.254 | D77: 6 | E77: 14260 | F77: 180.286 | G77: -1.203 | H77: 35.817
A78: 39 | B78: 12 SPL A4 Path H 5A | C78: 0.254 | D78: 7 | E78: 13381 | F78: 169.844 | G78: -1.247 | H78: 35.864 | J78: =AVERAGE(G77:G78) -> -1.225 | K78: =STDEV(G77:G78) -> 0.031112698 | M78: =AVERAGE(E77:E78) -> 13820.5 | N78: =STDEV(E77:E78) -> 621.54686 | P78: =AVERAGE(H77:H78) -> 35.8405 | Q78: =STDEV(H77:H78) -> 0.033234019 | S78: =J78-(M78-Standards!$N$124)*Standards!$AA$55 -> -1.2211343 | T78: =S78-(A78-Standards!$A$124)*Standards!$AA$4 -> -1.2022874 | W78: =P78-(M78-Standards!$N$124)*Standards!$AL$54 -> 35.835861 | X78: =W78-(A78-Standards!$A$124)*Standards!$AL$5 -> 35.838339 | Z78: =(T78*Standards!$O$159)+Standards!$O$160 -> -1.5354935 | AA78: =(X78*Standards!$U$159)+Standards!$U$160 -> 25.361376
A79: 40 | B79: 12 SPL A4 Path H 6A | C79: 0.276 | D79: 6 | E79: 15788 | F79: 197.303 | G79: -1.329 | H79: 35.775
A80: 40 | B80: 12 SPL A4 Path H 6A | C80: 0.276 | D80: 7 | E80: 14655 | F80: 185.496 | G80: -1.347 | H80: 35.848 | J80: =AVERAGE(G79:G80) -> -1.338 | K80: =STDEV(G79:G80) -> 0.012727922 | M80: =AVERAGE(E79:E80) -> 15221.5 | N80: =STDEV(E79:E80) -> 801.15198 | P80: =AVERAGE(H79:H80) -> 35.8115 | Q80: =STDEV(H79:H80) -> 0.051618795 | S80: =J80-(M80-Standards!$N$124)*Standards!$AA$55 -> -1.3516468 | T80: =S80-(A80-Standards!$A$124)*Standards!$AA$4 -> -1.3332259 | W80: =P80-(M80-Standards!$N$124)*Standards!$AL$54 -> 35.827876 | X80: =W80-(A80-Standards!$A$124)*Standards!$AL$5 -> 35.830298 | Z80: =(T80*Standards!$O$159)+Standards!$O$160 -> -1.6674078 | AA80: =(X80*Standards!$U$159)+Standards!$U$160 -> 25.353495
A81: 41 | B81: 12 SPL A4 Path H 7A | C81: 0.266 | D81: 6 | E81: 14312 | F81: 178.318 | G81: -1.012 | H81: 35.765
A82: 41 | B82: 12 SPL A4 Path H 7A | C82: 0.266 | D82: 7 | E82: 13481 | F82: 166.427 | G82: -0.961 | H82: 35.738 | J82: =AVERAGE(G81:G82) -> -0.9865 | K82: =STDEV(G81:G82) -> 0.036062446 | M82: =AVERAGE(E81:E82) -> 13896.5 | N82: =STDEV(E81:E82) -> 587.60574 | P82: =AVERAGE(H81:H82) -> 35.7515 | Q82: =STDEV(H81:H82) -> 0.019091883 | S82: =J82-(M82-Standards!$N$124)*Standards!$AA$55 -> -0.98358427 | T82: =S82-(A82-Standards!$A$124)*Standards!$AA$4 -> -0.96558944 | W82: =P82-(M82-Standards!$N$124)*Standards!$AL$54 -> 35.748001 | X82: =W82-(A82-Standards!$A$124)*Standards!$AL$5 -> 35.750367 | Z82: =(T82*Standards!$O$159)+Standards!$O$160 -> -1.2970314 | AA82: =(X82*Standards!$U$159)+Standards!$U$160 -> 25.275154
A83: 42 | B83: 12 SPL A4 Path H 8A | C83: 0.24 | D83: 6 | E83: 13310 | F83: 168.976 | G83: -1.247 | H83: 35.907
A84: 42 | B84: 12 SPL A4 Path H 8A | C84: 0.24 | D84: 7 | E84: 12374 | F84: 157.021 | G84: -1.228 | H84: 35.907 | J84: =AVERAGE(G83:G84) -> -1.2375 | K84: =STDEV(G83:G84) -> 0.013435029 | M84: =AVERAGE(E83:E84) -> 12842 | N84: =STDEV(E83:E84) -> 661.85195 | P84: =AVERAGE(H83:H84) -> 35.907 | Q84: =STDEV(H83:H84) -> 0 | S84: =J84-(M84-Standards!$N$124)*Standards!$AA$55 -> -1.221403 | T84: =S84-(A84-Standards!$A$124)*Standards!$AA$4 -> -1.2038342 | W84: =P84-(M84-Standards!$N$124)*Standards!$AL$54 -> 35.887684 | X84: =W84-(A84-Standards!$A$124)*Standards!$AL$5 -> 35.889993 | Z84: =(T84*Standards!$O$159)+Standards!$O$160 -> -1.5370517 | AA84: =(X84*Standards!$U$159)+Standards!$U$160 -> 25.412003
A85: 43 | B85: 12 SPL A4 Path H 9A | C85: 0.226 | D85: 6 | E85: 13271 | F85: 162.959 | G85: -1.567 | H85: 36.065
A86: 43 | B86: 12 SPL A4 Path H 9A | C86: 0.226 | D86: 7 | E86: 12500 | F86: 152.385 | G86: -1.506 | H86: 36.07 | J86: =AVERAGE(G85:G86) -> -1.5365 | K86: =STDEV(G85:G86) -> 0.043133514 | M86: =AVERAGE(E85:E86) -> 12885.5 | N86: =STDEV(E85:E86) -> 545.17933 | P86: =AVERAGE(H85:H86) -> 36.0675 | Q86: =STDEV(H85:H86) -> 0.0035355339 | S86: =J86-(M86-Standards!$N$124)*Standards!$AA$55 -> -1.5209468 | T86: =S86-(A86-Standards!$A$124)*Standards!$AA$4 -> -1.5038039 | W86: =P86-(M86-Standards!$N$124)*Standards!$AL$54 -> 36.048836 | X86: =W86-(A86-Standards!$A$124)*Standards!$AL$5 -> 36.05109 | Z86: =(T86*Standards!$O$159)+Standards!$O$160 -> -1.839257 | AA86: =(X86*Standards!$U$159)+Standards!$U$160 -> 25.569896
A87: 44 | B87: 12 SPL A4 Path H 10A | C87: 0.248 | D87: 6 | E87: 14098 | F87: 179.733 | G87: -0.837 | H87: 36.32
A88: 44 | B88: 12 SPL A4 Path H 10A | C88: 0.248 | D88: 7 | E88: 13153 | F88: 166.976 | G88: -0.835 | H88: 36.316 | J88: =AVERAGE(G87:G88) -> -0.836 | K88: =STDEV(G87:G88) -> 0.0014142136 | M88: =AVERAGE(E87:E88) -> 13625.5 | N88: =STDEV(E87:E88) -> 668.21591 | P88: =AVERAGE(H87:H88) -> 36.318 | Q88: =STDEV(H87:H88) -> 0.0028284271 | S88: =J88-(M88-Standards!$N$124)*Standards!$AA$55 -> -0.82969677 | T88: =S88-(A88-Standards!$A$124)*Standards!$AA$4 -> -0.81297994 | W88: =P88-(M88-Standards!$N$124)*Standards!$AL$54 -> 36.310436 | X88: =W88-(A88-Standards!$A$124)*Standards!$AL$5 -> 36.312634 | Z88: =(T88*Standards!$O$159)+Standards!$O$160 -> -1.1432846 | AA88: =(X88*Standards!$U$159)+Standards!$U$160 -> 25.826239
A89: 45 | B89: 12 SPL A4 Path H 11A | C89: 0.254 | D89: 6 | E89: 14541 | F89: 176.652 | G89: -0.44 | H89: 36.254
A90: 45 | B90: 12 SPL A4 Path H 11A | C90: 0.254 | D90: 7 | E90: 13658 | F90: 166.957 | G90: -0.462 | H90: 36.301 | J90: =AVERAGE(G89:G90) -> -0.451 | K90: =STDEV(G89:G90) -> 0.015556349 | M90: =AVERAGE(E89:E90) -> 14099.5 | N90: =STDEV(E89:E90) -> 624.37529 | P90: =AVERAGE(H89:H90) -> 36.2775 | Q90: =STDEV(H89:H90) -> 0.033234019 | S90: =J90-(M90-Standards!$N$124)*Standards!$AA$55 -> -0.45062177 | T90: =S90-(A90-Standards!$A$124)*Standards!$AA$4 -> -0.43433094 | W90: =P90-(M90-Standards!$N$124)*Standards!$AL$54 -> 36.277046 | X90: =W90-(A90-Standards!$A$124)*Standards!$AL$5 -> 36.279188 | Z90: =(T90*Standards!$O$159)+Standards!$O$160 -> -0.76181369 | AA90: =(X90*Standards!$U$159)+Standards!$U$160 -> 25.793458
A91: 46 | B91: 12 SPL A4 Path H 12A | C91: 0.242 | D91: 6 | E91: 7973 | F91: 102.246 | G91: -0.844 | H91: 36.134
A92: 46 | B92: 12 SPL A4 Path H 12A | C92: 0.242 | D92: 7 | E92: 7455 | F92: 95.178 | G92: -0.774 | H92: 36.169 | J92: =AVERAGE(G91:G92) -> -0.809 | K92: =STDEV(G91:G92) -> 0.049497475 | M92: =AVERAGE(E91:E92) -> 7714 | N92: =STDEV(E91:E92) -> 366.28131 | P92: =AVERAGE(H91:H92) -> 36.1515 | Q92: =STDEV(H91:H92) -> 0.024748737 | S92: =J92-(M92-Standards!$N$124)*Standards!$AA$55 -> -0.72880302 | T92: =S92-(A92-Standards!$A$124)*Standards!$AA$4 -> -0.71293819 | W92: =P92-(M92-Standards!$N$124)*Standards!$AL$54 -> 36.055264 | X92: =W92-(A92-Standards!$A$124)*Standards!$AL$5 -> 36.057349 | Z92: =(T92*Standards!$O$159)+Standards!$O$160 -> -1.0424973 | AA92: =(X92*Standards!$U$159)+Standards!$U$160 -> 25.576031
A93: 47 | B93: UTM | C93: 0.242 | D93: 6 | E93: 14203 | F93: 172.301 | G93: 4.686 | H93: 37.036
A94: 47 | B94: UTM | C94: 0.242 | D94: 7 | E94: 13205 | F94: 160.077 | G94: 4.764 | H94: 37.055 | J94: =AVERAGE(G93:G94) -> 4.725 | K94: =STDEV(G93:G94) -> 0.055154329 | M94: =AVERAGE(E93:E94) -> 13704 | N94: =STDEV(E93:E94) -> 705.69257 | P94: =AVERAGE(H93:H94) -> 37.0455 | Q94: =STDEV(H93:H94) -> 0.013435029 | S94: =J94-(M94-Standards!$N$124)*Standards!$AA$55 -> 4.730322 | T94: =S94-(A94-Standards!$A$124)*Standards!$AA$4 -> 4.7457608 | W94: =P94-(M94-Standards!$N$124)*Standards!$AL$54 -> 37.039114 | X94: =W94-(A94-Standards!$A$124)*Standards!$AL$5 -> 37.041143 | Z94: =(T94*Standards!$O$159)+Standards!$O$160 -> 4.4568831 | AA94: =(X94*Standards!$U$159)+Standards!$U$160 -> 26.540259
A95: 48 | B95: UTM | C95: 0.26 | D95: 6 | E95: 14153 | F95: 179.643 | G95: 4.718 | H95: 36.865
A96: 48 | B96: UTM | C96: 0.26 | D96: 7 | E96: 13202 | F96: 167.017 | G96: 4.771 | H96: 36.91 | J96: =AVERAGE(G95:G96) -> 4.7445 | K96: =STDEV(G95:G96) -> 0.037476659 | M96: =AVERAGE(E95:E96) -> 13677.5 | N96: =STDEV(E95:E96) -> 672.45855 | P96: =AVERAGE(H95:H96) -> 36.8875 | Q96: =STDEV(H95:H96) -> 0.031819805 | S96: =J96-(M96-Standards!$N$124)*Standards!$AA$55 -> 4.7501532 | T96: =S96-(A96-Standards!$A$124)*Standards!$AA$4 -> 4.7651661 | W96: =P96-(M96-Standards!$N$124)*Standards!$AL$54 -> 36.880716 | X96: =W96-(A96-Standards!$A$124)*Standards!$AL$5 -> 36.88269 | Z96: =(T96*Standards!$O$159)+Standards!$O$160 -> 4.476433 | AA96: =(X96*Standards!$U$159)+Standards!$U$160 -> 26.384957
A97: 49 | B97: 21 SPL A4 Path H 13A | C97: 0.266 | D97: 6 | E97: 12993 | F97: 159.851 | G97: -0.825 | H97: 36.053
A98: 49 | B98: 21 SPL A4 Path H 13A | C98: 0.266 | D98: 7 | E98: 12031 | F98: 148.473 | G98: -0.753 | H98: 36.107 | J98: =AVERAGE(G97:G98) -> -0.789 | K98: =STDEV(G97:G98) -> 0.050911688 | M98: =AVERAGE(E97:E98) -> 12512 | N98: =STDEV(E97:E98) -> 680.23672 | P98: =AVERAGE(H97:H98) -> 36.08 | Q98: =STDEV(H97:H98) -> 0.038183766 | S98: =J98-(M98-Standards!$N$124)*Standards!$AA$55 -> -0.76877802 | T98: =S98-(A98-Standards!$A$124)*Standards!$AA$4 -> -0.75419119 | W98: =P98-(M98-Standards!$N$124)*Standards!$AL$54 -> 36.055734 | X98: =W98-(A98-Standards!$A$124)*Standards!$AL$5 -> 36.057651 | Z98: =(T98*Standards!$O$159)+Standards!$O$160 -> -1.0840577 | AA98: =(X98*Standards!$U$159)+Standards!$U$160 -> 25.576327
A99: 50 | B99: 22 SPL A4 Path H 14A | C99: 0.256 | D99: 6 | E99: 15140 | F99: 191.342 | G99: -0.776 | H99: 36.309
A100: 50 | B100: 22 SPL A4 Path H 14A | C100: 0.256 | D100: 7 | E100: 14165 | F100: 177.92 | G100: -0.723 | H100: 36.37 | J100: =AVERAGE(G99:G100) -> -0.7495 | K100: =STDEV(G99:G100) -> 0.037476659 | M100: =AVERAGE(E99:E100) -> 14652.5 | N100: =STDEV(E99:E100) -> 689.42911 | P100: =AVERAGE(H99:H100) -> 36.3395 | Q100: =STDEV(H99:H100) -> 0.043133514 | S100: =J100-(M100-Standards!$N$124)*Standards!$AA$55 -> -0.75603427 | T100: =S100-(A100-Standards!$A$124)*Standards!$AA$4 -> -0.74187344 | W100: =P100-(M100-Standards!$N$124)*Standards!$AL$54 -> 36.347341 | X100: =W100-(A100-Standards!$A$124)*Standards!$AL$5 -> 36.349203 | Z100: =(T100*Standards!$O$159)+Standards!$O$160 -> -1.0716482 | AA100: =(X100*Standards!$U$159)+Standards!$U$160 -> 25.86208
A101: 51 | B101: 23 SPL A4 Path H 15A | C101: 0.284 | D101: 6 | E101: 16455 | F101: 205.224 | G101: -0.913 | H101: 36.319
...

Sheet 2-Full_Sorted
A1: Row | B1: Identifier 1 | C1: Identifier 2 | D1: Peak Nr | E1: Ampl 44 | F1: Area 44 | G1: d 13C/12C | H1: d 18O/16O
A3: 2 | B3: NBS 18 | C3: 0.23 | D3: 6 | E3: 13350 | F3: 169.452 | G3: -4.729 | H3: 17.385
A4: 2 | B4: NBS 18 | C4: 0.23 | D4: 7 | E4: 12410 | F4: 157.446 | G4: -4.666 | H4: 17.391
A5: 3 | B5: NBS18 | C5: 0.248 | D5: 6 | E5: 15170 | F5: 185.483 | G5: -4.729 | H5: 17.3
A6: 3 | B6: NBS18 | C6: 0.248 | D6: 7 | E6: 14309 | F6: 173.645 | G6: -4.677 | H6: 17.324
A7: 4 | B7: NBS18 | C7: 0.258 | D7: 6 | E7: 15628 | F7: 198.581 | G7: -4.658 | H7: 17.243
A8: 4 | B8: NBS18 | C8: 0.258 | D8: 7 | E8: 14585 | F8: 184.826 | G8: -4.618 | H8: 17.258
A9: 5 | B9: NBS18 | C9: 0.246 | D9: 6 | E9: 17291 | F9: 208.851 | G9: -4.701 | H9: 17.2
A10: 5 | B10: NBS18 | C10: 0.246 | D10: 7 | E10: 16186 | F10: 197.149 | G10: -4.746 | H10: 17.236
A11: 6 | B11: NBS 19 | C11: 0.22 | D11: 6 | E11: 13590 | F11: 172.613 | G11: 2.212 | H11: 39.091
A12: 6 | B12: NBS 19 | C12: 0.22 | D12: 7 | E12: 12673 | F12: 160.447 | G12: 2.265 | H12: 39.105
A13: 7 | B13: NBS 19 | C13: 0.286 | D13: 6 | E13: 20377 | F13: 248.591 | G13: 2.333 | H13: 39.058
A14: 7 | B14: NBS 19 | C14: 0.286 | D14: 7 | E14: 18792 | F14: 230.568 | G14: 2.386 | H14: 39.059
... A234: 118 | B234: 12 SPL A4 Path H 69A | C234: 0.254 | D234: 7 | E234: 13419 | F234: 169.817 | G234: -1.271 | H234: 36.062
A235: 119 | B235: UTM | D235: 6 | E235: 14949 | F235: 184.742 | G235: 4.737 | H235: 36.845
A236: 119 | B236: UTM | D236: 7 | E236: 14087 | F236: 172.649 | G236: 4.805 | H236: 36.916
A237: 120 | B237: UTM | D237: 6 | E237: 15186 | F237: 192.816 | G237: 4.78 | H237: 36.985
A238: 120 | B238: UTM | D238: 7 | E238: 14089 | F238: 178.972 | G238: 4.846 | H238: 37.047
A239: 121 | B239: 12 SPL A4 Path H 70A | C239: 0.242 | D239: 6 | E239: 14255 | F239: 174.426 | G239: -1.532 | H239: 35.9
A240: 121 | B240: 12 SPL A4 Path H 70A | C240: 0.242 | D240: 7 | E240: 13433 | F240: 163.215 | G240: -1.455 | H240: 35.913
A241: 122 | B241: 12 SPL A4 Path H 71A | C241: 0.232 | D241: 6 | E241: 13764 | F241: 175.476 | G241: -1.687 | H241: 35.797
A242: 122 | B242: 12 SPL A4 Path H 71A | C242: 0.232 | D242: 7 | E242: 12830 | F242: 163.132 | G242: -1.627 | H242: 35.844
A243: 123 | B243: 12 SPL A4 Path H 72A | C243: 0.244 | D243: 6 | E243: 15705 | F243: 190.046 | G243: -1.808 | H243: 35.676
A244: 123 | B244: 12 SPL A4 Path H 72A | C244: 0.244 | D244: 7 | E244: 14676 | F244: 177.412 | G244: -1.766 | H244: 35.698
A245: 124 | B245: 12 SPL A4 Path H 73A | C245: 0.256 | D245: 6 | E245: 13973 | F245: 177.645 | G245: -1.83 | H245: 35.678
A246: 124 | B246: 12 SPL A4 Path H 73A | C246: 0.256 | D246: 7 | E246: 13030 | F246: 165.059 | G246: -1.788 | H246: 35.727
A247: 125 | B247: 12 SPL A4 Path H 74A | C247: 0.266 | D247: 6 | E247: 17454 | F247: 212.159 | G247: -2.379 | H247: 35.888
A248: 125 | B248: 12 SPL A4 Path H 74A | C248: 0.266 | D248: 7 | E248: 16137 | F248: 199.007 | G248: -2.411 | H248: 35.935
A249: 126 | B249: 12 SPL A4 Path H 75A | C249: 0.234 | D249: 6 | E249: 12909 | F249: 163.914 | G249: -2.3 | H249: 36.015
A250: 126 | B250: 12 SPL A4 Path H 75A | C250: 0.234 | D250: 7 | E250: 12033 | F250: 152.156 | G250: -2.216 | H250: 36.054
... A258: 130 | B258: 12 SPL A4 Path H 79A | C258: 0.238 | D258: 7 | E258: 12152 | F258: 151.325 | G258: -1.885 | H258: 35.793
A259: 131 | B259: UTM | D259: 6 | E259: 16505 | F259: 207.922 | G259: 4.807 | H259: 36.99
A260: 131 | B260: UTM | D260: 7 | E260: 15325 | F260: 195.234 | G260: 4.794 | H260: 37.008
A261: 132 | B261: UTM | D261: 6 | E261: 19965 | F261: 243.293 | G261: 4.862 | H261: 36.822
A262: 132 | B262: UTM | D262: 7 | E262: 18790 | F262: 230.378 | G262: 4.797 | H262: 36.91
A263: 133 | B263: 12 SPL A4 Path H 80A | C263: 0.24 | D263: 6 | E263: 13210 | F263: 168.569 | G263: -1.884 | H263: 35.708
A264: 133 | B264: 12 SPL A4 Path H 80A | C264: 0.24 | D264: 7 | E264: 12307 | F264: 156.525 | G264: -1.824 | H264: 35.757
A265: 134 | B265: 12 SPL A4 Path H 81A | C265: 0.31 | D265: 6 | E265: 18688 | F265: 226.232 | G265: -1.882 | H265: 35.661
A266: 134 | B266: 12 SPL A4 Path H 81A | C266: 0.31 | D266: 7 | E266: 17582 | F266: 213.834 | G266: -1.919 | H266: 35.693
A267: 135 | B267: 12 SPL A4 Path H 82A | C267: 0.248 | D267: 6 | E267: 13674 | F267: 174.131 | G267: -2.072 | H267: 35.897
A268: 135 | B268: 12 SPL A4 Path H 82A | C268: 0.248 | D268: 7 | E268: 12742 | F268: 161.675 | G268: -2.015 | H268: 35.915
A269: 136 | B269: 12 SPL A4 Path H 83A | C269: 0.254 | D269: 6 | E269: 14051 | F269: 170.269 | G269: -2.184 | H269: 36.108
A270: 136 | B270: 12 SPL A4 Path H 83A | C270: 0.254 | D270: 7 | E270: 13101 | F270: 160.532 | G270: -2.22 | H270: 36.132
A271: 137 | B271: 12 SPL A4 Path H 84A | C271: 0.278 | D271: 6 | E271: 15187 | F271: 192.547 | G271: -1.861 | H271: 36.022
A272: 137 | B272: 12 SPL A4 Path H 84A | C272: 0.278 | D272: 7 | E272: 14160 | F272: 179.013 | G272: -1.803 | H272: 36.117
A273: 138 | B273: 12 SPL A4 Path H 85A | C273: 0.248 | D273: 6 | E273: 15344 | F273: 187.06 | G273: -1.531 | H273: 36.163
A274: 138 | B274: 12 SPL A4 Path H 85A | C274: 0.248 | D274: 7 | E274: 14165 | F274: 173.401 | G274: -1.452 | H274: 36.19
... A282: 142 | B282: 12 SPL A4 Path H 89A | C282: 0.246 | D282: 7 | E282: 12864 | F282: 163.21 | G282: -1.681 | H282: 35.883
A283: 143 | B283: UTM | D283: 6 | E283: 20299 | F283: 246.667 | G283: 4.808 | H283: 36.402
A284: 143 | B284: UTM | D284: 7 | E284: 19128 | F284: 233.266 | G284: 4.779 | H284: 36.558
A285: 144 | B285: UTM | D285: 6 | E285: 17137 | F285: 217.387 | G285: 4.804 | H285: 36.954
A286: 144 | B286: UTM | D286: 7 | E286: 15969 | F286: 202.169 | G286: 4.838 | H286: 36.987
A287: 145 | B287: 12 SPL A4 Path H 90A | C287: 0.3 | D287: 6 | E287: 17662 | F287: 213.553 | G287: -1.81 | H287: 35.827
A288: 145 | B288: 12 SPL A4 Path H 90A | C288: 0.3 | D288: 7 | E288: 16637 | F288: 202.18 | G288: -1.806 | H288: 35.857
A289: 146 | B289: 12 SPL A4 Path H 91A | C289: 0.258 | D289: 6 | E289: 13633 | F289: 173.664 | G289: -1.845 | H289: 36.038
A290: 146 | B290: 12 SPL A4 Path H 91A | C290: 0.258 | D290: 7 | E290: 12725 | F290: 161.42 | G290: -1.802 | H290: 36.062
A291: 147 | B291: 12 SPL A4 Path H 92A | C291: 0.22 | D291: 6 | E291: 12675 | F291: 153.718 | G291: -1.514 | H291: 36.218
A292: 147 | B292: 12 SPL A4 Path H 92A | C292: 0.22 | D292: 7 | E292: 11841 | F292: 143.445 | G292: -1.455 | H292: 36.239
A293: 148 | B293: 12 SPL A4 Path H 93A | C293: 0.246 | D293: 6 | E293: 13421 | F293: 170.645 | G293: -1.643 | H293: 35.852
A294: 148 | B294: 12 SPL A4 Path H 93A | C294: 0.246 | D294: 7 | E294: 12504 | F294: 158.499 | G294: -1.588 | H294: 35.894
A295: 149 | B295: 12 SPL A4 Path H 94A | C295: 0.234 | D295: 6 | E295: 14461 | F295: 176.562 | G295: -1.402 | H295: 35.703
A296: 149 | B296: 12 SPL A4 Path H 94A | C296: 0.234 | D296: 7 | E296: 13363 | F296: 163.714 | G296: -1.339 | H296: 35.728
A297: 150 | B297: 12 SPL A4 Path H 95A | C297: 0.224 | D297: 6 | E297: 12605 | F297: 159.91 | G297: -1.397 | H297: 35.616
A298: 150 | B298: 12 SPL A4 Path H 95A | C298: 0.224 | D298: 7 | E298: 11782 | F298: 148.613 | G298: -1.338 | H298: 35.679
... A306: 154 | B306: 12 SPL A4 Path H 99A | C306: 0.236 | D306: 7 | E306: 12711 | F306: 155.284 | G306: -2.358 | H306: 36.252
A307: 155 | B307: UTM | D307: 6 | E307: 18075 | F307: 229.194 | G307: 4.838 | H307: 37.002
A308: 155 | B308: UTM | D308: 7 | E308: 16831 | F308: 215.109 | G308: 4.821 | H308: 37.027
A309: 156 | B309: UTM | D309: 6 | E309: 11457 | F309: 140.131 | G309: 4.662 | H309: 35.831
A310: 156 | B310: UTM | D310: 7 | E310: 10807 | F310: 131.25 | G310: 4.764 | H310: 35.874
A311: 157 | B311: 12 SPL A4 Path H 100A | C311: 0.234 | D311: 6 | E311: 13061 | F311: 166.663 | G311: -1.689 | H311: 36.003
A312: 157 | B312: 12 SPL A4 Path H 100A | C312: 0.234 | D312: 7 | E312: 12170 | F312: 154.742 | G312: -1.637 | H312: 36
A313: 158 | B313: 12 SPL A4 Path H 101A | C313: 0.266 | D313: 6 | E313: 16631 | F313: 201.213 | G313: -1.936 | H313: 35.662
A314: 158 | B314: 12 SPL A4 Path H 101A | C314: 0.266 | D314: 7 | E314: 15548 | F314: 187.454 | G314: -1.85 | H314: 35.716
A315: 159 | B315: 12 SPL A4 Path H 102A | C315: 0.266 | D315: 6 | E315: 14675 | F315: 186.44 | G315: -1.818 | H315: 35.81
A316: 159 | B316: 12 SPL A4 Path H 102A | C316: 0.266 | D316: 7 | E316: 13696 | F316: 173.432 | G316: -1.766 | H316: 35.813
A317: 160 | B317: 12 SPL A4 Path H 103A | C317: 0.256 | D317: 6 | E317: 15273 | F317: 186.436 | G317: -2.375 | H317: 35.831
A318: 160 | B318: 12 SPL A4 Path H 103A | C318: 0.256 | D318: 7 | E318: 14177 | F318: 175.421 | G318: -2.386 | H318: 35.851
A319: 161 | B319: 12 SPL A4 Path H 104A | C319: 0.282 | D319: 6 | E319: 15978 | F319: 202.419 | G319: -2.744 | H319: 35.792
A320: 161 | B320: 12 SPL A4 Path H 104A | C320: 0.282 | D320: 7 | E320: 14884 | F320: 187.473 | G320: -2.7 | H320: 35.894
A321: 162 | B321: 12 SPL A4 Path H 105A | C321: 0.222 | D321: 6 | E321: 12711 | F321: 158.682 | G321: -2.305 | H321: 36.211
A322: 162 | B322: 12 SPL A4 Path H 105A | C322: 0.222 | D322: 7 | E322: 11774 | F322: 149.349 | G322: -2.315 | H322: 36.193
... A330: 166 | B330: 12 SPL A4 Path H 109A | C330: 0.246 | D330: 7 | E330: 12144 | F330: 154.275 | G330: -2.059 | H330: 35.698
A331: 167 | B331: UTM | D331: 6 | E331: 10699 | F331: 130.91 | G331: 4.706 | H331: 37.072
A332: 167 | B332: UTM | D332: 7 | E332: 10055 | F332: 122.65 | G332: 4.751 | H332: 37.093
A333: 168 | B333: UTM | D333: 6 | E333: 12028 | F333: 153.427 | G333: 4.777 | H333: 37.081
A334: 168 | B334: UTM | D334: 7 | E334: 11208 | F334: 142.459 | G334: 4.84 | H334: 37.069
A335: 169 | B335: 12 SPL A4 Path H 110A | C335: 0.24 | D335: 6 | E335: 13477 | F335: 163.763 | G335: -2.244 | H335: 35.696
A336: 169 | B336: 12 SPL A4 Path H 110A | C336: 0.24 | D336: 7 | E336: 12574 | F336: 152.695 | G336: -2.169 | H336: 35.753
A337: 170 | B337: 12 SPL A4 Path H 111A | C337: 0.282 | D337: 6 | E337: 15534 | F337: 196.92 | G337: -2.069 | H337: 35.861
A338: 170 | B338: 12 SPL A4 Path H 111A | C338: 0.282 | D338: 7 | E338: 14484 | F338: 183.01 | G338: -2.025 | H338: 35.862
A339: 171 | B339: 12 SPL A4 Path H 112A | C339: 0.234 | D339: 6 | E339: 13902 | F339: 170.269 | G339: -2.406 | H339: 36.035
A340: 171 | B340: 12 SPL A4 Path H 112A | C340: 0.234 | D340: 7 | E340: 12889 | F340: 160.079 | G340: -2.411 | H340: 36.068
A341: 172 | B341: 12 SPL A4 Path H 113A | C341: 0.244 | D341: 6 | E341: 13207 | F341: 167.614 | G341: -2.704 | H341: 36.089
A342: 172 | B342: 12 SPL A4 Path H 113A | C342: 0.244 | D342: 7 | E342: 12325 | F342: 155.769 | G342: -2.622 | H342: 36.123

Sheet Standards
A1: Row | B1: Line | C1: Identifier 1 | D1: Identifier 2 | E1: Peak Nr | F1: Ampl 44 | G1: Area 44 | H1: d 13C/12C | I1: d 18O/16O | K1: d 13C/12C ave | L1: stnd dev | N1: Ave Amp 44 | P1: d 18O/16O ave | Q1: stnd dev | T1: d 13C/12C amp 44 Corr | U1: d 13C/12C drift Corr | X1: d 18O/16O amp 44 Corr | Y1: d 18O/16O drift Corr
A3: 2 | B3: =A3 -> 2 | C3: NBS 18 | D3: 0.23 | E3: 6 | F3: 13350 | G3: 169.452 | H3: -4.729 | I3: 17.385 | K3: =AVERAGE(H3:H4) -> -4.6975 | L3: =STDEV(H3:H4) -> 0.044547727 | N3: =AVERAGE(F3,F4) -> 12880 | P3: =AVERAGE(I3:I4) -> 17.388 | Q3: =STDEV(I3:I4) -> 0.0042426407 | T3: =K3-(N3-$N$124)*$AA$55 -> -4.681878 | U3: =T3-(B3-$A$124)*$AA$4 -> -4.6472692 | X3: =P3-(N3-$N$124)*$AL$54 -> 17.369254 | Y3: =X3-(B3-$A$124)*$AL$5 -> 17.373803
A4: 2 | B4: =A4 -> 2 | C4: NBS 18 | D4: 0.23 | E4: 7 | F4: 12410 | G4: 157.446 | H4: -4.666 | I4: 17.391 | AA4: 0.000426 | AL4: O drift
A5: 3 | B5: =A5 -> 3 | C5: NBS18 | D5: 0.248 | E5: 6 | F5: 15170 | G5: 185.483 | H5: -4.729 | I5: 17.3 | K5: =AVERAGE(H5:H6) -> -4.703 | L5: =STDEV(H5:H6) -> 0.036769553 | N5: =AVERAGE(F5,F6) -> 14739.5 | P5: =AVERAGE(I5:I6) -> 17.312 | Q5: =STDEV(I5:I6) -> 0.016970563 | T5: =K5-(N5-$N$124)*$AA$55 -> -4.7106218 | U5: =T5-(B5-$A$124)*$AA$4 -> -4.6764389 | X5: =P5-(N5-$N$124)*$AL$54 -> 17.321146 | Y5: =X5-(B5-$A$124)*$AL$5 -> 17.32564 | AL5: 5.6e-05
A6: 3 | B6: =A6 -> 3 | C6: NBS18 | D6: 0.248 | E6: 7 | F6: 14309 | G6: 173.645 | H6: -4.677 | I6: 17.324
A7: 4 | B7: =A7 -> 4 | C7: NBS18 | D7: 0.258 | E7: 6 | F7: 15628 | G7: 198.581 | H7: -4.658 | I7: 17.243 | K7: =AVERAGE(H7:H8) -> -4.638 | L7: =STDEV(H7:H8) -> 0.028284271 | N7: =AVERAGE(F7,F8) -> 15106.5 | P7: =AVERAGE(I7:I8) -> 17.2505 | Q7: =STDEV(I7:I8) -> 0.010606602 | T7: =K7-(N7-$N$124)*$AA$55 -> -4.6502093 | U7: =T7-(B7-$A$124)*$AA$4 -> -4.6164524 | X7: =P7-(N7-$N$124)*$AL$54 -> 17.265151 | Y7: =X7-(B7-$A$124)*$AL$5 -> 17.269589
A8: 4 | B8: =A8 -> 4 | C8: NBS18 | D8: 0.258 | E8: 7 | F8: 14585 | G8: 184.826 | H8: -4.618 | I8: 17.258
A9: 5 | B9: =A9 -> 5 | C9: NBS18 | D9: 0.246 | E9: 6 | F9: 17291 | G9: 208.851 | H9: -4.701 | I9: 17.2 | K9: =AVERAGE(H9:H10) -> -4.7235 | L9: =STDEV(H9:H10) -> 0.031819805 | N9: =AVERAGE(F9,F10) -> 16738.5 | P9: =AVERAGE(I9:I10) -> 17.218 | Q9: =STDEV(I9:I10) -> 0.025455844 | T9: =K9-(N9-$N$124)*$AA$55 -> -4.7561093 | U9: =T9-(B9-$A$124)*$AA$4 -> -4.7227784 | X9: =P9-(N9-$N$124)*$AL$54 -> 17.257131 | Y9: =X9-(B9-$A$124)*$AL$5 -> 17.261513
A10: 5 | B10: =A10 -> 5 | C10: NBS18 | D10: 0.246 | E10: 7 | F10: 16186 | G10: 197.149 | H10: -4.746 | I10: 17.236
K11: =AVERAGE(H11:H12) -> #DIV/0! | L11: =STDEV(H11:H12) -> #DIV/0! | N11: =AVERAGE(F11,F12) -> #DIV/0! | P11: =AVERAGE(I11:I12) -> #DIV/0! | Q11: =STDEV(I11:I12) -> #DIV/0! | T11: =U11-(N11-$N$124)*$AA$55 -> #DIV/0! | U11: =K11-(B11-$A$124)*$AA$4 -> #DIV/0! | X11: =P11-(N11-$N$124)*$AL$54 -> #DIV/0! | Y11: =P11-(B11-$A$124)*$AL$5 -> #DIV/0!
K13: =AVERAGE(H13:H14) -> #DIV/0! | L13: =STDEV(H13:H14) -> #DIV/0! | N13: =AVERAGE(F13,F14) -> #DIV/0! | P13: =AVERAGE(I13:I14) -> #DIV/0! | Q13: =STDEV(I13:I14) -> #DIV/0! | T13: =U13-(N13-$N$124)*$AA$55 -> #DIV/0! | U13: =K13-(B13-$A$124)*$AA$4 -> #DIV/0! | X13: =Y13-(N13-$N$124)*$AL$54 -> #DIV/0! | Y13: =P13-(B13-$A$124)*$AL$5 -> #DIV/0!
K15: =AVERAGE(H15:H16) -> #DIV/0! | L15: =STDEV(H15:H16) -> #DIV/0! | N15: =AVERAGE(F15,F16) -> #DIV/0! | P15: =AVERAGE(I15:I16) -> #DIV/0! | Q15: =STDEV(I15:I16) -> #DIV/0! | T15: =U15-(N15-$N$124)*$AA$55 -> #DIV/0! | U15: =K15-(B15-$A$124)*$AA$4 -> #DIV/0! | X15: =Y15-(N15-$N$124)*$AL$54 -> #DIV/0! | Y15: =P15-(B15-$A$124)*$AL$5 -> #DIV/0!
K17: =AVERAGE(H17:H18) -> #DIV/0! | L17: =STDEV(H17:H18) -> #DIV/0! | N17: =AVERAGE(F17,F18) -> #DIV/0! | P17: =AVERAGE(I17:I18) -> #DIV/0! | Q17: =STDEV(I17:I18) -> #DIV/0! | T17: =U17-(N17-$N$124)*$AA$55 -> #DIV/0! | U17: =K17-(B17-$A$124)*$AA$4 -> #DIV/0! | X17: =Y17-(N17-$N$124)*$AL$54 -> #DIV/0! | Y17: =P17-(B17-$A$124)*$AL$5 -> #DIV/0!
K21: =AVERAGE(K3:K9) -> -4.6905 | O21: Ave | P21: =AVERAGE(P3:P9) -> 17.292125 | S21: Ave | T21: =AVERAGE(T3:T9) -> -4.6997046 | U21: =AVERAGE(U3:U9) -> -4.6657348 | W21: Ave | X21: =AVERAGE(X3:X9) -> 17.30317 | Y21: =AVERAGE(Y3:Y9) -> 17.307636
K22: =STDEV(K3:K9) -> 0.036744614 | O22: Std Dev | P22: =STDEV(P3:P9) -> 0.074864739 | S22: Std Dev | T22: =STDEV(T3:T9) -> 0.044974978 | U22: =STDEV(U3:U9) -> 0.045233782 | W22: Std Dev | X22: =STDEV(X3:X9) -> 0.052456965 | Y22: =STDEV(Y3:Y9) -> 0.052526779
A25: 6 | B25: =A25 -> 6 | C25: NBS 19 | D25: 0.22 | E25: 6 | F25: 13590 | G25: 172.613 | H25: 2.212 | I25: 39.091 | K25: =AVERAGE(H25:H26) -> 2.2385 | L25: =STDEV(H25:H26) -> 0.037476659 | N25: =AVERAGE(F25,F26) -> 13131.5 | P25: =AVERAGE(I25:I26) -> 39.098 | Q25: =STDEV(I25:I26) -> 0.0098994949 | T25: =K25-(N25-$N$124)*$AA$55 -> 2.2509782 | U25: =T25-(B25-$A$124)*$AA$4 -> 2.2838831 | X25: =P25-(N25-$N$124)*$AL$54 -> 39.083026 | Y25: =X25-(B25-$A$124)*$AL$5 -> 39.087352
A26: 6 | B26: =A26 -> 6 | C26: NBS 19 | D26: 0.22 | E26: 7 | F26: 12673 | G26: 160.447 | H26: 2.265 | I26: 39.105
A27: 7 | B27: =A27 -> 7 | C27: NBS 19 | D27: 0.286 | E27: 6 | F27: 20377 | G27: 248.591 | H27: 2.333 | I27: 39.058 | K27: =AVERAGE(H27:H28) -> 2.3595 | L27: =STDEV(H27:H28) -> 0.037476659 | N27: =AVERAGE(F27,F28) -> 19584.5 | P27: =AVERAGE(I27:I28) -> 39.0585 | Q27: =STDEV(I27:I28) -> 0.00070710678 | T27: =K27-(N27-$N$124)*$AA$55 -> 2.2913157 | U27: =T27-(B27-$A$124)*$AA$4 -> 2.3237946 | X27: =P27-(N27-$N$124)*$AL$54 -> 39.140321 | Y27: =X27-(B27-$A$124)*$AL$5 -> 39.144591
A28: 7 | B28: =A28 -> 7 | C28: NBS 19 | D28: 0.286 | E28: 7 | F28: 18792 | G28: 230.568 | H28: 2.386 | I28: 39.059
A29: 8 | B29: =A29 -> 8 | C29: NBS 19 | D29: 0.286 | E29: 6 | F29: 17177 | G29: 215.748 | H29: 2.298 | I29: 39.043 | K29: =AVERAGE(H29:H30) -> 2.2835 | L29: =STDEV(H29:H30) -> 0.020506097 | N29: =AVERAGE(F29,F30) -> 16652.5 | P29: =AVERAGE(I29:I30) -> 39.06 | Q29: =STDEV(I29:I30) -> 0.024041631 | T29: =K29-(N29-$N$124)*$AA$55 -> 2.2519657 | U29: =T29-(B29-$A$124)*$AA$4 -> 2.2840186 | X29: =P29-(N29-$N$124)*$AL$54 -> 39.097841 | Y29: =X29-(B29-$A$124)*$AL$5 -> 39.102055
A30: 8 | B30: =A30 -> 8 | C30: NBS 19 | D30: 0.286 | E30: 7 | F30: 16128 | G30: 203.088 | H30: 2.269 | I30: 39.077
A31: 9 | B31: =A31 -> 9 | C31: NBS 19 | D31: 0.216 | E31: 6 | F31: 11846 | G31: 150.025 | H31: 2.21 | I31: 39.246 | K31: =AVERAGE(H31:H32) -> 2.2365 | L31: =STDEV(H31:H32) -> 0.037476659 | N31: =AVERAGE(F31,F32) -> 11416.5 | P31: =AVERAGE(I31:I32) -> 39.2435 | Q31: =STDEV(I31:I32) -> 0.0035355339 | T31: =K31-(N31-$N$124)*$AA$55 -> 2.2704157 | U31: =T31-(B31-$A$124)*$AA$4 -> 2.3020426 | X31: =P31-(N31-$N$124)*$AL$54 -> 39.202801 | Y31: =X31-(B31-$A$124)*$AL$5 -> 39.206959
A32: 9 | B32: =A32 -> 9 | C32: NBS 19 | D32: 0.216 | E32: 7 | F32: 10987 | G32: 139.3 | H32: 2.263 | I32: 39.241
K33: =AVERAGE(H33:H34) -> #DIV/0! | L33: =STDEV(H33:H34) -> #DIV/0! | N33: =AVERAGE(F33,F34) -> #DIV/0! | P33: =AVERAGE(I33:I34) -> #DIV/0! | Q33: =STDEV(I33:I34) -> #DIV/0! | T33: =U33-(N33-$N$124)*$AA$55 -> #DIV/0! | U33: =K33-(B33-$A$124)*$AA$4 -> #DIV/0! | X33: =Y33-(N33-$N$124)*$AL$54 -> #DIV/0! | Y33: =P33-(B33-$A$124)*$AL$5 -> #DIV/0!
K35: =AVERAGE(H35:H36) -> #DIV/0! | L35: =STDEV(H35:H36) -> #DIV/0! | N35: =AVERAGE(F35,F36) -> #DIV/0! | P35: =AVERAGE(I35:I36) -> #DIV/0! | Q35: =STDEV(I35:I36) -> #DIV/0! | T35: =U35-(N35-$N$124)*$AA$55 -> #DIV/0! | U35: =K35-(B35-$A$124)*$AA$4 -> #DIV/0! | X35: =Y35-(N35-$N$124)*$AL$54 -> #DIV/0! | Y35: =P35-(B35-$A$124)*$AL$5 -> #DIV/0!
K37: =AVERAGE(H37:H38) -> #DIV/0! | L37: =STDEV(H37:H38) -> #DIV/0! | N37: =AVERAGE(F37,F38) -> #DIV/0! | P37: =AVERAGE(I37:I38) -> #DIV/0! | Q37: =STDEV(I37:I38) -> #DIV/0! | T37: =U37-(N37-$N$124)*$AA$55 -> #DIV/0! | U37: =K37-(B37-$A$124)*$AA$4 -> #DIV/0! | X37: =Y37-(N37-$N$124)*$AL$54 -> #DIV/0! | Y37: =P37-(B37-$A$124)*$AL$5 -> #DIV/0!
K39: =AVERAGE(H39:H40) -> #DIV/0! | L39: =STDEV(H39:H40) -> #DIV/0! | N39: =AVERAGE(F39,F40) -> #DIV/0! | P39: =AVERAGE(I39:I40) -> #DIV/0! | Q39: =STDEV(I39:I40) -> #DIV/0! | T39: =U39-(N39-$N$124)*$AA$55 -> #DIV/0! | U39: =K39-(B39-$A$124)*$AA$4 -> #DIV/0! | X39: =Y39-(N39-$N$124)*$AL$54 -> #DIV/0! | Y39: =P39-(B39-$A$124)*$AL$5 -> #DIV/0!
K43: =AVERAGE(K25:K31) -> 2.2795 | O43: Ave | P43: =AVERAGE(P25:P31) -> 39.115 | S43: Ave | T43: =AVERAGE(T25:T31) -> 2.2661689 | U43: =AVERAGE(U25:U31) -> 2.2984347 | W43: Ave | X43: =AVERAGE(X25:X31) -> 39.130997 | Y43: =AVERAGE(Y25:Y31) -> 39.135239
K44: =STDEV(K25:K31) -> 0.057578931 | O44: Std Dev | P44: =STDEV(P25:P31) -> 0.087594711 | S44: Std Dev | T44: =STDEV(T25:T31) -> 0.018998992 | U44: =STDEV(U25:U31) -> 0.018935984 | W44: Std Dev | X44: =STDEV(X25:X31) -> 0.053675844 | Y44: =STDEV(Y25:Y31) -> 0.05362077
A49: 10 | B49: =A49 -> 10 | C49: UTM | D49: 0.268 | E49: 6 | F49: 14953 | G49: 183.512 | H49: 4.629 | I49: 36.991 | K49: =AVERAGE(H49:H50) -> 4.6785 | L49: =STDEV(H49:H50) -> 0.070003571 | N49: =AVERAGE(F49,F50) -> 14533.5 | P49: =AVERAGE(I49:I50) -> 37.008 | Q49: =STDEV(I49:I50) -> 0.024041631 | T49: =K49-(N49-$N$124)*$AA$55 -> 4.6734532 | U49: =T49-(B49-$A$124)*$AA$4 -> 4.7046541 | X49: =P49-(N49-$N$124)*$AL$54 -> 37.014056 | Y49: =X49-(B49-$A$124)*$AL$5 -> 37.018158
A50: 10 | B50: =A50 -> 10 | C50: UTM | D50: 0.268 | E50: 7 | F50: 14114 | G50: 171.817 | H50: 4.728 | I50: 37.025
A51: 11 | B51: =A51 -> 11 | C51: UTM | D51: 0.224 | E51: 6 | F51: 11903 | G51: 152.077 | H51: 4.725 | I51: 37.112 | K51: =AVERAGE(H51:H52) -> 4.7555 | L51: =STDEV(H51:H52) -> 0.043133514 | N51: =AVERAGE(F51,F52) -> 11505 | P51: =AVERAGE(I51:I52) -> 37.129 | Q51: =STDEV(I51:I52) -> 0.024041631 | T51: =K51-(N51-$N$124)*$AA$55 -> 4.7883095 | U51: =T51-(B51-$A$124)*$AA$4 -> 4.8190843 | X51: =P51-(N51-$N$124)*$AL$54 -> 37.089629 | Y51: =X51-(B51-$A$124)*$AL$5 -> 37.093674
A52: 11 | B52: =A52 -> 11 | C52: UTM | D52: 0.224 | E52: 7 | F52: 11107 | G52: 141.435 | H52: 4.786 | I52: 37.146
A53: 12 | B53: =A53 -> 12 | C53: UTM | D53: 0.22 | E53: 6 | F53: 12846 | G53: 156.389 | H53: 4.641 | I53: 37.003 | K53: =AVERAGE(H53:H54) -> 4.689 | L53: =STDEV(H53:H54) -> 0.067882251 | N53: =AVERAGE(F53,F54) -> 12445.5 | P53: =AVERAGE(I53:I54) -> 37.002 | Q53: =STDEV(I53:I54) -> 0.0014142136 | T53: =K53-(N53-$N$124)*$AA$55 -> 4.7100532 | U53: =T53-(B53-$A$124)*$AA$4 -> 4.7404021 | X53: =P53-(N53-$N$124)*$AL$54 -> 36.976736 | Y53: =X53-(B53-$A$124)*$AL$5 -> 36.980726 | AL53: O amp
A54: 12 | B54: =A54 -> 12 | C54: UTM | D54: 0.22 | E54: 7 | F54: 12045 | G54: 145.945 | H54: 4.737 | I54: 37.001 | AA54: C amp | AL54: -1.5e-05
A55: 23 | B55: =A55 -> 23 | C55: UTM | D55: 0.242 | E55: 6 | F55: 14249 | G55: 172.765 | H55: 4.723 | I55: 37.028 | K55: =AVERAGE(H55:H56) -> 4.736 | L55: =STDEV(H55:H56) -> 0.018384776 | N55: =AVERAGE(F55,F56) -> 13803.5 | P55: =AVERAGE(I55:I56) -> 37.0335 | Q55: =STDEV(I55:I56) -> 0.0077781746 | T55: =K55-(N55-$N$124)*$AA$55 -> 4.7400782 | U55: =T55-(B55-$A$124)*$AA$4 -> 4.7657411 | X55: =P55-(N55-$N$124)*$AL$54 -> 37.028606 | Y55: =X55-(B55-$A$124)*$AL$5 -> 37.03198 | AA55: 1.25e-05
A56: 23 | B56: =A56 -> 23 | C56: UTM | D56: 0.242 | E56: 7 | F56: 13358 | G56: 161.717 | H56: 4.749 | I56: 37.039
A57: 24 | B57: =A57 -> 24 | C57: UTM | D57: 0.25 | E57: 6 | F57: 13745 | G57: 175.069 | H57: 4.738 | I57: 36.983 | K57: =AVERAGE(H57:H58) -> 4.767 | L57: =STDEV(H57:H58) -> 0.041012193 | N57: =AVERAGE(F57,F58) -> 13291.5 | P57: =AVERAGE(I57:I58) -> 37.007 | Q57: =STDEV(I57:I58) -> 0.033941125 | T57: =K57-(N57-$N$124)*$AA$55 -> 4.7774782 | U57: =T57-(B57-$A$124)*$AA$4 -> 4.8027151 | X57: =P57-(N57-$N$124)*$AL$54 -> 36.994426 | Y57: =X57-(B57-$A$124)*$AL$5 -> 36.997744
A58: 24 | B58: =A58 -> 24 | C58: UTM | D58: 0.25 | E58: 7 | F58: 12838 | G58: 162.933 | H58: 4.796 | I58: 37.031
A59: 35 | B59: =A59 -> 35 | C59: UTM | D59: 0.274 | E59: 6 | F59: 14725 | G59: 187.218 | H59: 4.747 | I59: 36.978 | K59: =AVERAGE(H59:H60) -> 4.782 | L59: =STDEV(H59:H60) -> 0.049497475 | N59: =AVERAGE(F59,F60) -> 14228.5 | P59: =AVERAGE(I59:I60) -> 36.998 | Q59: =STDEV(I59:I60) -> 0.028284271 | T59: =K59-(N59-$N$124)*$AA$55 -> 4.7807657 | U59: =T59-(B59-$A$124)*$AA$4 -> 4.8013166 | X59: =P59-(N59-$N$124)*$AL$54 -> 36.999481 | Y59: =X59-(B59-$A$124)*$AL$5 -> 37.002183
A60: 35 | B60: =A60 -> 35 | C60: UTM | D60: 0.274 | E60: 7 | F60: 13732 | G60: 173.926 | H60: 4.817 | I60: 37.018
A61: 36 | B61: =A61 -> 36 | C61: UTM | D61: 0.296 | E61: 6 | F61: 17746 | G61: 214.783 | H61: 4.71 | I61: 36.938 | K61: =AVERAGE(H61:H62) -> 4.7005 | L61: =STDEV(H61:H62) -> 0.013435029 | N61: =AVERAGE(F61,F62) -> 17109 | P61: =AVERAGE(I61:I62) -> 36.9505 | Q61: =STDEV(I61:I62) -> 0.01767767 | T61: =K61-(N61-$N$124)*$AA$55 -> 4.6632595 | U61: =T61-(B61-$A$124)*$AA$4 -> 4.6833843 | X61: =P61-(N61-$N$124)*$AL$54 -> 36.995189 | Y61: =X61-(B61-$A$124)*$AL$5 -> 36.997834
A62: 36 | B62: =A62 -> 36 | C62: UTM | D62: 0.296 | E62: 7 | F62: 16472 | G62: 201.999 | H62: 4.691 | I62: 36.963
A63: 47 | B63: =A63 -> 47 | C63: UTM | D63: 0.242 | E63: 6 | F63: 14203 | G63: 172.301 | H63: 4.686 | I63: 37.036 | K63: =AVERAGE(H63:H64) -> 4.725 | L63: =STDEV(H63:H64) -> 0.055154329 | N63: =AVERAGE(F63,F64) -> 13704 | P63: =AVERAGE(I63:I64) -> 37.0455 | Q63: =STDEV(I63:I64) -> 0.013435029 | T63: =K63-(N63-$N$124)*$AA$55 -> 4.730322 | U63: =T63-(B63-$A$124)*$AA$4 -> 4.7457608 | X63: =P63-(N63-$N$124)*$AL$54 -> 37.039114 | Y63: =X63-(B63-$A$124)*$AL$5 -> 37.041143
A64: 47 | B64: =A64 -> 47 | C64: UTM | D64: 0.242 | E64: 7 | F64: 13205 | G64: 160.077 | H64: 4.764 | I64: 37.055
A65: 48 | B65: =A65 -> 48 | C65: UTM | D65: 0.26 | E65: 6 | F65: 14153 | G65: 179.643 | H65: 4.718 | I65: 36.865 | K65: =AVERAGE(H65:H66) -> 4.7445 | L65: =STDEV(H65:H66) -> 0.037476659 | N65: =AVERAGE(F65,F66) -> 13677.5 | P65: =AVERAGE(I65:I66) -> 36.8875 | Q65: =STDEV(I65:I66) -> 0.031819805 | T65: =K65-(N65-$N$124)*$AA$55 -> 4.7501532 | U65: =T65-(B65-$A$124)*$AA$4 -> 4.7651661 | X65: =P65-(N65-$N$124)*$AL$54 -> 36.880716 | Y65: =X65-(B65-$A$124)*$AL$5 -> 36.88269
A66: 48 | B66: =A66 -> 48 | C66: UTM | D66: 0.26 | E66: 7 | F66: 13202 | G66: 167.017 | H66: 4.771 | I66: 36.91
A67: 59 | B67: =A67 -> 59 | C67: UTM | D67: 0.252 | E67: 6 | F67: 14088 | G67: 178.838 | H67: 4.741 | I67: 37 | K67: =AVERAGE(H67:H68) -> 4.7595 | L67: =STDEV(H67:H68) -> 0.026162951 | N67: =AVERAGE(F67,F68) -> 13612.5 | P67: =AVERAGE(I67:I68) -> 37.015 | Q67: =STDEV(I67:I68) -> 0.021213203 | T67: =K67-(N67-$N$124)*$AA$55 -> 4.7659657 | U67: =T67-(B67-$A$124)*$AA$4 -> 4.7762926 | X67: =P67-(N67-$N$124)*$AL$54 -> 37.007241 | Y67: =X67-(B67-$A$124)*$AL$5 -> 37.008599
A68: 59 | B68: =A68 -> 59 | C68: UTM | D68: 0.252 | E68: 7 | F68: 13137 | G68: 166.163 | H68: 4.778 | I68: 37.03
A69: 60 | B69: =A69 -> 60 | C69: UTM | D69: 0.26 | E69: 6 | F69: 15759 | G69: 193.914 | H69: 4.717 | I69: 36.959 | K69: =AVERAGE(H69:H70) -> 4.7465 | L69: =STDEV(H69:H70) -> 0.0417193 | N69: =AVERAGE(F69,F70) -> 15155 | P69: =AVERAGE(I69:I70) -> 36.9705 | Q69: =STDEV(I69:I70) -> 0.016263456 | T69: =K69-(N69-$N$124)*$AA$55 -> 4.7336845 | U69: =T69-(B69-$A$124)*$AA$4 -> 4.7435853 | X69: =P69-(N69-$N$124)*$AL$54 -> 36.985879 | Y69: =X69-(B69-$A$124)*$AL$5 -> 36.98718
A70: 60 | B70: =A70 -> 60 | C70: UTM | D70: 0.26 | E70: 7 | F70: 14551 | G70: 179.701 | H70: 4.776 | I70: 36.982
A71: 71 | B71: =A71 -> 71 | C71: UTM | D71: 0.24 | E71: 6 | F71: 14004 | G71: 174.72 | H71: 4.713 | I71: 36.993 | K71: =AVERAGE(H71:H72) -> 4.7 | L71: =STDEV(H71:H72) -> 0.018384776 | N71: =AVERAGE(F71,F72) -> 13494 | P71: =AVERAGE(I71:I72) -> 37.0015 | Q71: =STDEV(I71:I72) -> 0.012020815 | T71: =K71-(N71-$N$124)*$AA$55 -> 4.707947 | U71: =T71-(B71-$A$124)*$AA$4 -> 4.7131618 | X71: =P71-(N71-$N$124)*$AL$54 -> 36.991964 | Y71: =X71-(B71-$A$124)*$AL$5 -> 36.992649
A72: 71 | B72: =A72 -> 71 | C72: UTM | D72: 0.24 | E72: 7 | F72: 12984 | G72: 164.168 | H72: 4.687 | I72: 37.01
A73: 72 | B73: =A73 -> 72 | C73: UTM | D73: 0.3 | E73: 6 | F73: 13499 | G73: 169.522 | H73: 4.656 | I73: 37.054 | K73: =AVERAGE(H73:H74) -> 4.693 | L73: =STDEV(H73:H74) -> 0.052325902 | N73: =AVERAGE(F73,F74) -> 13109 | P73: =AVERAGE(I73:I74) -> 37.058 | Q73: =STDEV(I73:I74) -> 0.0056568542 | T73: =K73-(N73-$N$124)*$AA$55 -> 4.7057595 | U73: =T73-(B73-$A$124)*$AA$4 -> 4.7105483 | X73: =P73-(N73-$N$124)*$AL$54 -> 37.042689 | Y73: =X73-(B73-$A$124)*$AL$5 -> 37.043318
A74: 72 | B74: =A74 -> 72 | C74: UTM | D74: 0.3 | E74: 7 | F74: 12719 | G74: 158.213 | H74: 4.73 | I74: 37.062
A75: 83 | B75: =A75 -> 83 | C75: UTM | D75: 0.24 | E75: 6 | F75: 13181 | G75: 166.489 | H75: 4.7 | I75: 37.013 | K75: =AVERAGE(H75:H76) -> 4.7275 | L75: =STDEV(H75:H76) -> 0.038890873 | N75: =AVERAGE(F75,F76) -> 12773.5 | P75: =AVERAGE(I75:I76) -> 37.027 | Q75: =STDEV(I75:I76) -> 0.01979899 | T75: =K75-(N75-$N$124)*$AA$55 -> 4.7444532 | U75: =T75-(B75-$A$124)*$AA$4 -> 4.7445561 | X75: =P75-(N75-$N$124)*$AL$54 -> 37.006656 | Y75: =X75-(B75-$A$124)*$AL$5 -> 37.00667
A76: 83 | B76: =A76 -> 83 | C76: UTM | D76: 0.24 | E76: 7 | F76: 12366 | G76: 154.828 | H76: 4.755 | I76: 37.041
A77: 84 | B77: =A77 -> 84 | C77: UTM | D77: 0.236 | E77: 6 | F77: 12830 | G77: 161.593 | H77: 4.685 | I77: 37.059 | K77: =AVERAGE(H77:H78) -> 4.6715 | L77: =STDEV(H77:H78) -> 0.019091883 | N77: =AVERAGE(F77,F78) -> 12370.5 | P77: =AVERAGE(I77:I78) -> 37.069 | Q77: =STDEV(I77:I78) -> 0.014142136 | T77: =K77-(N77-$N$124)*$AA$55 -> 4.6934907 | U77: =T77-(B77-$A$124)*$AA$4 -> 4.6931676 | X77: =P77-(N77-$N$124)*$AL$54 -> 37.042611 | Y77: =X77-(B77-$A$124)*$AL$5 -> 37.042569
A78: 84 | B78: =A78 -> 84 | C78: UTM | D78: 0.236 | E78: 7 | F78: 11911 | G78: 151.835 | H78: 4.658 | I78: 37.079
A79: 95 | B79: =A79 -> 95 | C79: UTM | D79: 0.242 | E79: 6 | F79: 12129 | G79: 153.238 | H79: 4.648 | I79: 36.911 | K79: =AVERAGE(H79:H80) -> 4.689 | L79: =STDEV(H79:H80) -> 0.057982756 | N79: =AVERAGE(F79,F80) -> 11762.5 | P79: =AVERAGE(I79:I80) -> 36.917 | Q79: =STDEV(I79:I80) -> 0.0084852814 | T79: =K79-(N79-$N$124)*$AA$55 -> 4.7185907 | U79: =T79-(B79-$A$124)*$AA$4 -> 4.7135816 | X79: =P79-(N79-$N$124)*$AL$54 -> 36.881491 | Y79: =X79-(B79-$A$124)*$AL$5 -> 36.880833
A80: 95 | B80: =A80 -> 95 | C80: UTM | D80: 0.242 | E80: 7 | F80: 11396 | G80: 142.674 | H80: 4.73 | I80: 36.923
A81: 96 | B81: =A81 -> 96 | C81: UTM | D81: 0.318 | E81: 6 | F81: 16636 | G81: 208.794 | H81: 4.767 | I81: 37.092 | K81: =AVERAGE(H81:H82) -> 4.7885 | L81: =STDEV(H81:H82) -> 0.030405592 | N81: =AVERAGE(F81,F82) -> 16035.5 | P81: =AVERAGE(I81:I82) -> 37.1005 | Q81: =STDEV(I81:I82) -> 0.012020815 | T81: =K81-(N81-$N$124)*$AA$55 -> 4.7646782 | U81: =T81-(B81-$A$124)*$AA$4 -> 4.7592431 | X81: =P81-(N81-$N$124)*$AL$54 -> 37.129086 | Y81: =X81-(B81-$A$124)*$AL$5 -> 37.128372
A82: 96 | B82: =A82 -> 96 | C82: UTM | D82: 0.318 | E82: 7 | F82: 15435 | G82: 194.173 | H82: 4.81 | I82: 37.109
A83: 98 | B83: =A83 -> 98 | C83: UTM | D83: 0.216 | E83: 6 | F83: 14717 | G83: 187.13 | H83: 4.774 | I83: 37.035 | K83: =AVERAGE(H83:H84) -> 4.7985 | L83: =STDEV(H83:H84) -> 0.034648232 | N83: =AVERAGE(F83,F84) -> 14211 | P83: =AVERAGE(I83:I84) -> 37.0585 | Q83: =STDEV(I83:I84) -> 0.033234019 | T83: =K83-(N83-$N$124)*$AA$55 -> 4.7974845 | U83: =T83-(B83-$A$124)*$AA$4 -> 4.7911973 | X83: =P83-(N83-$N$124)*$AL$54 -> 37.059719 | Y83: =X83-(B83-$A$124)*$AL$5 -> 37.058892
A84: 98 | B84: =A84 -> 98 | C84: UTM | D84: 0.216 | E84: 7 | F84: 13705 | G84: 173.839 | H84: 4.823 | I84: 37.082
A85: 99 | B85: =A85 -> 99 | C85: UTM | D85: 0.25 | E85: 6 | F85: 14843 | G85: 180.153 | H85: 4.693 | I85: 37.02 | K85: =AVERAGE(H85:H86) -> 4.687 | L85: =STDEV(H85:H86) -> 0.0084852814 | N85: =AVERAGE(F85,F86) -> 14413.5 | P85: =AVERAGE(I85:I86) -> 37.042 | Q85: =STDEV(I85:I86) -> 0.031112698 | T85: =K85-(N85-$N$124)*$AA$55 -> 4.6834532 | U85: =T85-(B85-$A$124)*$AA$4 -> 4.6767401 | X85: =P85-(N85-$N$124)*$AL$54 -> 37.046256 | Y85: =X85-(B85-$A$124)*$AL$5 -> 37.045374
A86: 99 | B86: =A86 -> 99 | C86: UTM | D86: 0.25 | E86: 7 | F86: 13984 | G86: 170.92 | H86: 4.681 | I86: 37.064
A87: 107 | B87: =A87 -> 107 | C87: UTM | D87: 0.282 | E87: 6 | F87: 15094 | G87: 191.331 | H87: 4.75 | I87: 36.967 | K87: =AVERAGE(H87:H88) -> 4.7625 | L87: =STDEV(H87:H88) -> 0.01767767 | N87: =AVERAGE(F87,F88) -> 14561.5 | P87: =AVERAGE(I87:I88) -> 36.9795 | Q87: =STDEV(I87:I88) -> 0.01767767 | T87: =K87-(N87-$N$124)*$AA$55 -> 4.7571032 | U87: =T87-(B87-$A$124)*$AA$4 -> 4.7469821 | X87: =P87-(N87-$N$124)*$AL$54 -> 36.985976 | Y87: =X87-(B87-$A$124)*$AL$5 -> 36.984646
A88: 107 | B88: =A88 -> 107 | C88: UTM | D88: 0.282 | E88: 7 | F88: 14029 | G88: 177.775 | H88: 4.775 | I88: 36.992
A89: 108 | B89: =A89 -> 108 | C89: UTM | D89: 0.248 | E89: 6 | F89: 13925 | G89: 171.359 | H89: 4.678 | I89: 37.01 | K89: =AVERAGE(H89:H90) -> 4.6975 | L89: =STDEV(H89:H90) -> 0.027577164 | N89: =AVERAGE(F89,F90) -> 13517.5 | P89: =AVERAGE(I89:I90) -> 37.0375 | Q89: =STDEV(I89:I90) -> 0.038890873 | T89: =K89-(N89-$N$124)*$AA$55 -> 4.7051532 | U89: =T89-(B89-$A$124)*$AA$4 -> 4.6946061 | X89: =P89-(N89-$N$124)*$AL$54 -> 37.028316 | Y89: =X89-(B89-$A$124)*$AL$5 -> 37.02693
A90: 108 | B90: =A90 -> 108 | C90: UTM | D90: 0.248 | E90: 7 | F90: 13110 | G90: 160.28 | H90: 4.717 | I90: 37.065
A91: 119 | B91: =A91 -> 119 | C91: UTM | E91: 6 | F91: 14949 | G91: 184.742 | H91: 4.737 | I91: 36.845 | K91: =AVERAGE(H91:H92) -> 4.771 | L91: =STDEV(H91:H92) -> 0.048083261 | N91: =AVERAGE(F91,F92) -> 14518 | P91: =AVERAGE(I91:I92) -> 36.8805 | Q91: =STDEV(I91:I92) -> 0.050204581 | T91: =K91-(N91-$N$124)*$AA$55 -> 4.766147 | U91: =T91-(B91-$A$124)*$AA$4 -> 4.7509138 | X91: =P91-(N91-$N$124)*$AL$54 -> 36.886324 | Y91: =X91-(B91-$A$124)*$AL$5 -> 36.884321
A92: 119 | B92: =A92 -> 119 | C92: UTM | E92: 7 | F92: 14087 | G92: 172.649 | H92: 4.805 | I92: 36.916
A93: 120 | B93: =A93 -> 120 | C93: UTM | E93: 6 | F93: 15186 | G93: 192.816 | H93: 4.78 | I93: 36.985 | K93: =AVERAGE(H93:H94) -> 4.813 | L93: =STDEV(H93:H94) -> 0.046669048 | N93: =AVERAGE(F93,F94) -> 14637.5 | P93: =AVERAGE(I93:I94) -> 37.016 | Q93: =STDEV(I93:I94) -> 0.04384062 | T93: =K93-(N93-$N$124)*$AA$55 -> 4.8066532 | U93: =T93-(B93-$A$124)*$AA$4 -> 4.7909941 | X93: =P93-(N93-$N$124)*$AL$54 -> 37.023616 | Y93: =X93-(B93-$A$124)*$AL$5 -> 37.021558
A94: 120 | B94: =A94 -> 120 | C94: UTM | E94: 7 | F94: 14089 | G94: 178.972 | H94: 4.846 | I94: 37.047
A95: 131 | B95: =A95 -> 131 | C95: UTM | E95: 6 | F95: 16505 | G95: 207.922 | H95: 4.807 | I95: 36.99 | K95: =AVERAGE(H95:H96) -> 4.8005 | L95: =STDEV(H95:H96) -> 0.0091923882 | N95: =AVERAGE(F95,F96) -> 15915 | P95: =AVERAGE(I95:I96) -> 36.999 | Q95: =STDEV(I95:I96) -> 0.012727922 | T95: =K95-(N95-$N$124)*$AA$55 -> 4.7781845 | U95: =T95-(B95-$A$124)*$AA$4 -> 4.7578393 | X95: =P95-(N95-$N$124)*$AL$54 -> 37.025779 | Y95: =X95-(B95-$A$124)*$AL$5 -> 37.023104
A96: 131 | B96: =A96 -> 131 | C96: UTM | E96: 7 | F96: 15325 | G96: 195.234 | H96: 4.794 | I96: 37.008
A97: 132 | B97: =A97 -> 132 | C97: UTM | E97: 6 | F97: 19965 | G97: 243.293 | H97: 4.862 | I97: 36.822 | K97: =AVERAGE(H97:H98) -> 4.8295 | L97: =STDEV(H97:H98) -> 0.045961941 | N97: =AVERAGE(F97,F98) -> 19377.5 | P97: =AVERAGE(I97:I98) -> 36.866 | Q97: =STDEV(I97:I98) -> 0.062225397 | T97: =K97-(N97-$N$124)*$AA$55 -> 4.7639032 | U97: =T97-(B97-$A$124)*$AA$4 -> 4.7431321 | X97: =P97-(N97-$N$124)*$AL$54 -> 36.944716 | Y97: =X97-(B97-$A$124)*$AL$5 -> 36.941986
A98: 132 | B98: =A98 -> 132 | C98: UTM | E98: 7 | F98: 18790 | G98: 230.378 | H98: 4.797 | I98: 36.91
B99: 143 | C99: UTM | E99: 6 | F99: 20299 | G99: 246.667 | H99: 4.808 | I99: 36.402
B100: 143 | C100: UTM | E100: 7 | F100: 19128 | G100: 233.266 | H100: 4.779 | I100: 36.558
A101: 144 | B101: =A101 -> 144 | C101: UTM | E101: 6 | F101: 17137 | G101: 217.387 | H101: 4.804 | I101: 36.954 | K101: =AVERAGE(H101:H102) -> 4.821 | L101: =STDEV(H101:H102) -> 0.024041631 | N101: =AVERAGE(F101,F102) -> 16553 | P101: =AVERAGE(I101:I102) -> 36.9705 | Q101: =STDEV(I101:I102) -> 0.023334524 | T101: =K101-(N101-$N$124)*$AA$55 -> 4.7907095 | U101: =T101-(B101-$A$124)*$AA$4 -> 4.7648263 | X101: =P101-(N101-$N$124)*$AL$54 -> 37.006849 | Y101: =X101-(B101-$A$124)*$AL$5 -> 37.003446
A102: 144 | B102: =A102 -> 144 | C102: UTM | E102: 7 | F102: 15969 | G102: 202.169 | H102: 4.838 | I102: 36.987
A103: 155 | B103: =A103 -> 155 | C103: UTM | E103: 6 | F103: 18075 | G103: 229.194 | H103: 4.838 | I103: 37.002 | K103: =AVERAGE(H103:H104) -> 4.8295 | L103: =STDEV(H103:H104) -> 0.012020815 | N103: =AVERAGE(F103,F104) -> 17453 | P103: =AVERAGE(I103:I104) -> 37.0145 | Q103: =STDEV(I103:I104) -> 0.01767767 | T103: =K103-(N103-$N$124)*$AA$55 -> 4.7879595 | U103: =T103-(B103-$A$124)*$AA$4 -> 4.7573903 | X103: =P103-(N103-$N$124)*$AL$54 -> 37.064349 | Y103: =X103-(B103-$A$124)*$AL$5 -> 37.06033
A104: 155 | B104: =A104 -> 155 | C104: UTM | E104: 7 | F104: 16831 | G104: 215.109 | H104: 4.821 | I104: 37.027
B105: 156 | C105: UTM | E105: 6 | F105: 11457 | G105: 140.131 | H105: 4.662 | I105: 35.831
B106: 156 | C106: UTM | E106: 7 | F106: 10807 | G106: 131.25 | H106: 4.764 | I106: 35.874
A107: 167 | B107: =A107 -> 167 | C107: UTM | E107: 6 | F107: 10699 | G107: 130.91 | H107: 4.706 | I107: 37.072 | K107: =AVERAGE(H107:H108) -> 4.7285 | L107: =STDEV(H107:H108) -> 0.031819805 | N107: =AVERAGE(F107,F108) -> 10377 | P107: =AVERAGE(I107:I108) -> 37.0825 | Q107: =STDEV(I107:I108) -> 0.014849242 | T107: =K107-(N107-$N$124)*$AA$55 -> 4.7754095 | U107: =T107-(B107-$A$124)*$AA$4 -> 4.7397283 | X107: =P107-(N107-$N$124)*$AL$54 -> 37.026209 | Y107: =X107-(B107-$A$124)*$AL$5 -> 37.021518
A108: 167 | B108: =A108 -> 167 | C108: UTM | E108: 7 | F108: 10055 | G108: 122.65 | H108: 4.751 | I108: 37.093
A109: 168 | B109: =A109 -> 168 | C109: UTM | E109: 6 | F109: 12028 | G109: 153.427 | H109: 4.777 | I109: 37.081 | K109: =AVERAGE(H109:H110) -> 4.8085 | L109: =STDEV(H109:H110) -> 0.044547727 | N109: =AVERAGE(F109,F110) -> 11618 | P109: =AVERAGE(I109:I110) -> 37.075 | Q109: =STDEV(I109:I110) -> 0.0084852814 | T109: =K109-(N109-$N$124)*$AA$55 -> 4.839897 | U109: =T109-(B109-$A$124)*$AA$4 -> 4.8037898 | X109: =P109-(N109-$N$124)*$AL$54 -> 37.037324 | Y109: =X109-(B109-$A$124)*$AL$5 -> 37.032577
A110: 168 | B110: =A110 -> 168 | C110: UTM | E110: 7 | F110: 11208 | G110: 142.459 | H110: 4.84 | I110: 37.069
K113: =AVERAGE(H113:H114) -> #DIV/0! | L113: =STDEV(H113:H114) -> #DIV/0! | N113: =AVERAGE(F113,F114) -> #DIV/0! | P113: =AVERAGE(I113:I114) -> #DIV/0! | Q113: =STDEV(I113:I114) -> #DIV/0! | T113: =U113-(N113-$N$124)*$AA$55 -> #DIV/0! | U113: =K113-(B113-$A$124)*$AA$4 -> #DIV/0! | X113: =Y113-(N113-$N$124)*$AL$54 -> #DIV/0! | Y113: =P113-(B113-$A$124)*$AL$5 -> #DIV/0!
K115: =AVERAGE(H115:H116) -> #DIV/0! | L115: =STDEV(H115:H116) -> #DIV/0! | N115: =AVERAGE(F115,F116) -> #DIV/0! | P115: =AVERAGE(I115:I116) -> #DIV/0! | Q115: =STDEV(I115:I116) -> #DIV/0! | T115: =U115-(N115-$N$124)*$AA$55 -> #DIV/0! | U115: =K115-(B115-$A$124)*$AA$4 -> #DIV/0! | X115: =Y115-(N115-$N$124)*$AL$54 -> #DIV/0! | Y115: =P115-(B115-$A$124)*$AL$5 -> #DIV/0!
K117: =AVERAGE(H117:H118) -> #DIV/0! | L117: =STDEV(H117:H118) -> #DIV/0! | N117: =AVERAGE(F117,F118) -> #DIV/0! | P117: =AVERAGE(I117:I118) -> #DIV/0! | Q117: =STDEV(I117:I118) -> #DIV/0! | T117: =U117-(N117-$N$124)*$AA$55 -> #DIV/0! | U117: =K117-(B117-$A$124)*$AA$4 -> #DIV/0! | X117: =Y117-(N117-$N$124)*$AL$54 -> #DIV/0! | Y117: =P117-(B117-$A$124)*$AL$5 -> #DIV/0!
A124: =AVERAGE(A49:A118) -> 83.241379 | N124: =AVERAGE(N49:N110) -> 14129.759
K126: =AVERAGE(K49:K110) -> 4.7482931 | P126: =AVERAGE(P49:P110) -> 37.00831 | T126: =AVERAGE(T49:T110) -> 4.7482931 | U126: =AVERAGE(U49:U110) -> 4.7482931 | X126: =AVERAGE(X49:X110) -> 37.00831 | Y126: =AVERAGE(Y49:Y110) -> 37.00831
K127: =STDEV(K49:K110) -> 0.04959722 | P127: =STDEV(P49:P110) -> 0.063531968 | T127: =STDEV(T49:T110) -> 0.043198261 | U127: =STDEV(U49:U110) -> 0.038127854 | X127: =STDEV(X49:X110) -> 0.056150254 | Y127: =STDEV(Y49:Y110) -> 0.056086725
R135: Known d13C | S135: Measured d13C | T135: Measured d18O | U135: Known d18O
Q136: NBS 18 | R136: -5.014 | S136: =U21 -> -4.6657348 | T136: =Y21 -> 17.307636 | U136: 7.2
Q137: NBS 19 | R137: 1.95 | S137: =U43 -> 2.2984347 | T137: =Y43 -> 39.135239 | U137: 28.6
...

Sheet 1-Sorted_standards
A1: Row | C1: Identifier 1 | D1: Identifier 2 | E1: Peak Nr | F1: Ampl 44 | G1: Area 44 | H1: d 13C/12C | I1: d 18O/16O
A3: 2 | B3: =A3 -> 2 | C3: NBS 18 | D3: 0.23 | E3: 6 | F3: 13350 | G3: 169.452 | H3: -4.729 | I3: 17.385
A4: 2 | B4: =A4 -> 2 | C4: NBS 18 | D4: 0.23 | E4: 7 | F4: 12410 | G4: 157.446 | H4: -4.666 | I4: 17.391
A5: 3 | B5: =A5 -> 3 | C5: NBS18 | D5: 0.248 | E5: 6 | F5: 15170 | G5: 185.483 | H5: -4.729 | I5: 17.3
A6: 3 | B6: =A6 -> 3 | C6: NBS18 | D6: 0.248 | E6: 7 | F6: 14309 | G6: 173.645 | H6: -4.677 | I6: 17.324
A7: 4 | B7: =A7 -> 4 | C7: NBS18 | D7: 0.258 | E7: 6 | F7: 15628 | G7: 198.581 | H7: -4.658 | I7: 17.243
A8: 4 | B8: =A8 -> 4 | C8: NBS18 | D8: 0.258 | E8: 7 | F8: 14585 | G8: 184.826 | H8: -4.618 | I8: 17.258
A9: 5 | B9: =A9 -> 5 | C9: NBS18 | D9: 0.246 | E9: 6 | F9: 17291 | G9: 208.851 | H9: -4.701 | I9: 17.2
A10: 5 | B10: =A10 -> 5 | C10: NBS18 | D10: 0.246 | E10: 7 | F10: 16186 | G10: 197.149 | H10: -4.746 | I10: 17.236
A11: 6 | B11: =A11 -> 6 | C11: NBS 19 | D11: 0.22 | E11: 6 | F11: 13590 | G11: 172.613 | H11: 2.212 | I11: 39.091
A12: 6 | B12: =A12 -> 6 | C12: NBS 19 | D12: 0.22 | E12: 7 | F12: 12673 | G12: 160.447 | H12: 2.265 | I12: 39.105
A13: 7 | B13: =A13 -> 7 | C13: NBS 19 | D13: 0.286 | E13: 6 | F13: 20377 | G13: 248.591 | H13: 2.333 | I13: 39.058
A14: 7 | B14: =A14 -> 7 | C14: NBS 19 | D14: 0.286 | E14: 7 | F14: 18792 | G14: 230.568 | H14: 2.386 | I14: 39.059
... A60: 108 | B60: =A60 -> 108 | C60: UTM | D60: 0.248 | E60: 7 | F60: 13110 | G60: 160.28 | H60: 4.717 | I60: 37.065
A61: 119 | B61: =A61 -> 119 | C61: UTM | E61: 6 | F61: 14949 | G61: 184.742 | H61: 4.737 | I61: 36.845
A62: 119 | B62: =A62 -> 119 | C62: UTM | E62: 7 | F62: 14087 | G62: 172.649 | H62: 4.805 | I62: 36.916
A63: 120 | B63: =A63 -> 120 | C63: UTM | E63: 6 | F63: 15186 | G63: 192.816 | H63: 4.78 | I63: 36.985
A64: 120 | B64: =A64 -> 120 | C64: UTM | E64: 7 | F64: 14089 | G64: 178.972 | H64: 4.846 | I64: 37.047
A65: 131 | B65: =A65 -> 131 | C65: UTM | E65: 6 | F65: 16505 | G65: 207.922 | H65: 4.807 | I65: 36.99
A66: 131 | B66: =A66 -> 131 | C66: UTM | E66: 7 | F66: 15325 | G66: 195.234 | H66: 4.794 | I66: 37.008
A67: 132 | B67: =A67 -> 132 | C67: UTM | E67: 6 | F67: 19965 | G67: 243.293 | H67: 4.862 | I67: 36.822
A68: 132 | B68: =A68 -> 132 | C68: UTM | E68: 7 | F68: 18790 | G68: 230.378 | H68: 4.797 | I68: 36.91
A69: 143 | B69: =A69 -> 143 | C69: UTM | E69: 6 | F69: 20299 | G69: 246.667 | H69: 4.808 | I69: 36.402
A70: 143 | B70: =A70 -> 143 | C70: UTM | E70: 7 | F70: 19128 | G70: 233.266 | H70: 4.779 | I70: 36.558
A71: 144 | B71: =A71 -> 144 | C71: UTM | E71: 6 | F71: 17137 | G71: 217.387 | H71: 4.804 | I71: 36.954
A72: 144 | B72: =A72 -> 144 | C72: UTM | E72: 7 | F72: 15969 | G72: 202.169 | H72: 4.838 | I72: 36.987
... A80: 168 | B80: =A80 -> 168 | C80: UTM | E80: 7 | F80: 11208 | G80: 142.459 | H80: 4.84 | I80: 37.069

Sheet Raw All
A1: Row | B1: Identifier 1 | C1: Identifier 2 | D1: Comment | E1: Peak Nr | F1: Area All | G1: Ampl 44 | H1: Ampl 45 | I1: Ampl 46 | J1: Area 44 | K1: d 13C/12C | L1: d 18O/16O | M1: Information | N1: Date | O1: Time | P1: Time Code | Q1: BGD 44 | R1: BGD 45 | S1: BGD 46
A3: 1 | B3: blank | C3: 0 | D3: 1 | E3: 1 | F3: 202.639 | G3: 10433 | H3: 12305 | I3: 14378 | J3: 199.462 | K3: -19.917 | L3: 24.418 | M3: Peak Center found at (61925);Inject Sample No 1 | N3: 04/23/25 | O3: 16:18:20 | P3: 2025/04/23 16:18:20 | Q3: 8.7 | R3: 11.0 | S3: 13.6
A4: 1 | B4: blank | C4: 0 | D4: 1 | E4: 2 | F4: 203.631 | G4: 10474 | H4: 12355 | I4: 14429 | J4: 200.438 | K4: -19.927 | L4: 24.421 | M4: Peak Center found at (61925);Inject Sample No 1 | N4: 04/23/25 | O4: 16:18:20 | P4: 2025/04/23 16:18:20 | Q4: 13.7 | R4: 16.9 | S4: 20.9
A5: 1 | B5: blank | C5: 0 | D5: 1 | E5: 3 | F5: 203.328 | G5: 10509 | H5: 12394 | I5: 14481 | J5: 200.14 | K5: -19.938 | L5: 24.421 | M5: Peak Center found at (61925);Inject Sample No 1 | N5: 04/23/25 | O5: 16:18:20 | P5: 2025/04/23 16:18:20 | Q5: 14.7 | R5: 18.1 | S5: 22.3
A6: 1 | B6: blank | C6: 0 | D6: 1 | E6: 4 | F6: 203.832 | G6: 10477 | H6: 12356 | I6: 14431 | J6: 200.636 | K6: -19.937 | L6: 24.418 | M6: Peak Center found at (61925);Inject Sample No 1 | N6: 04/23/25 | O6: 16:18:20 | P6: 2025/04/23 16:18:20 | Q6: 15.1 | R6: 18.6 | S6: 23.0
A7: 2 | B7: NBS 18 | C7: 0.23 | D7: 2 | E7: 1 | F7: 202.643 | G7: 10440 | H7: 12312 | I7: 14386 | J7: 199.466 | K7: -19.93 | L7: 24.426 | M7: Peak Center found at (61915);Inject Sample No 2 | N7: 04/23/25 | O7: 16:32:47 | P7: 2025/04/23 16:32:47 | Q7: 7.6 | R7: 9.7 | S7: 11.9
A8: 2 | B8: NBS 18 | C8: 0.23 | D8: 2 | E8: 2 | F8: 203.452 | G8: 10464 | H8: 12340 | I8: 14420 | J8: 200.262 | K8: -19.926 | L8: 24.431 | M8: Peak Center found at (61915);Inject Sample No 2 | N8: 04/23/25 | O8: 16:32:47 | P8: 2025/04/23 16:32:47 | Q8: 12.9 | R8: 15.9 | S8: 19.5
A9: 2 | B9: NBS 18 | C9: 0.23 | D9: 2 | E9: 3 | F9: 203.611 | G9: 10508 | H9: 12392 | I9: 14479 | J9: 200.419 | K9: -19.936 | L9: 24.436 | M9: Peak Center found at (61915);Inject Sample No 2 | N9: 04/23/25 | O9: 16:32:47 | P9: 2025/04/23 16:32:47 | Q9: 14.0 | R9: 17.3 | S9: 21.1
A10: 2 | B10: NBS 18 | C10: 0.23 | D10: 2 | E10: 4 | F10: 203.502 | G10: 10462 | H10: 12338 | I10: 14416 | J10: 200.311 | K10: -19.937 | L10: 24.418 | M10: Peak Center found at (61915);Inject Sample No 2 | N10: 04/23/25 | O10: 16:32:47 | P10: 2025/04/23 16:32:47 | Q10: 14.6 | R10: 17.9 | S10: 21.9
A11: 2 | B11: NBS 18 | C11: 0.23 | D11: 2 | E11: 5 | F11: 197.376 | G11: 15121 | H11: 18136 | I11: 20695 | J11: 194.255 | K11: -4.618 | L11: 16.322 | M11: Peak Center found at (61915);Inject Sample No 2 | N11: 04/23/25 | O11: 16:32:47 | P11: 2025/04/23 16:32:47 | Q11: 4.8 | R11: 6.4 | S11: 13.9
A12: 2 | B12: NBS 18 | C12: 0.23 | D12: 2 | E12: 6 | F12: 172.174 | G12: 13350 | H12: 16008 | I12: 18272 | J12: 169.452 | K12: -4.729 | L12: 17.385 | M12: Peak Center found at (61915);Inject Sample No 2 | N12: 04/23/25 | O12: 16:32:47 | P12: 2025/04/23 16:32:47 | Q12: 20.2 | R12: 24.8 | S12: 29.4
A13: 2 | B13: NBS 18 | C13: 0.23 | D13: 2 | E13: 7 | F13: 159.976 | G13: 12410 | H13: 14880 | I13: 16991 | J13: 157.446 | K13: -4.666 | L13: 17.391 | M13: Peak Center found at (61915);Inject Sample No 2 | N13: 04/23/25 | O13: 16:32:47 | P13: 2025/04/23 16:32:47 | Q13: 56.2 | R13: 67.7 | S13: 78.7
A14: 3 | B14: NBS18 | C14: 0.248 | D14: 3 | E14: 1 | F14: 202.569 | G14: 10437 | H14: 12310 | I14: 14382 | J14: 199.393 | K14: -19.927 | L14: 24.394 | M14: Peak Center found at (61925);Inject Sample No 3 | N14: 04/23/25 | O14: 16:47:13 | P14: 2025/04/23 16:47:13 | Q14: 11.7 | R14: 14.7 | S14: 17.8
... A822: 118 | B822: 12 SPL A4 Path H 69A | C822: 0.254 | D822: 118 | E822: 7 | F822: 172.567 | G822: 13419 | H822: 16155 | I822: 18709 | J822: 169.817 | K822: -1.271 | L822: 36.062 | M822: Peak Center found at (61925);Inject Sample No 22 | N822: 04/24/25 | O822: 21:20:06 | P822: 2025/04/24 21:20:06 | Q822: 61.2 | R822: 74.0 | S822: 86.3
A823: 119 | B823: UTM | D823: 119 | E823: 1 | F823: 204.742 | G823: 10484 | H823: 12365 | I823: 14444 | J823: 201.532 | K823: -19.94 | L823: 24.406 | M823: Peak Center found at (61925);Inject Sample No 23 | N823: 04/24/25 | O823: 21:33:57 | P823: 2025/04/24 21:33:57 | Q823: 14.5 | R823: 18.1 | S823: 21.2
A824: 119 | B824: UTM | D824: 119 | E824: 2 | F824: 202.402 | G824: 10482 | H824: 12362 | I824: 14442 | J824: 199.228 | K824: -19.93 | L824: 24.414 | M824: Peak Center found at (61925);Inject Sample No 23 | N824: 04/24/25 | O824: 21:33:57 | P824: 2025/04/24 21:33:57 | Q824: 18.9 | R824: 23.2 | S824: 27.5
A825: 119 | B825: UTM | D825: 119 | E825: 3 | F825: 203.766 | G825: 10519 | H825: 12408 | I825: 14498 | J825: 200.571 | K825: -19.928 | L825: 24.425 | M825: Peak Center found at (61925);Inject Sample No 23 | N825: 04/24/25 | O825: 21:33:57 | P825: 2025/04/24 21:33:57 | Q825: 19.1 | R825: 23.5 | S825: 28.0
A826: 119 | B826: UTM | D826: 119 | E826: 4 | F826: 203.732 | G826: 10494 | H826: 12378 | I826: 14458 | J826: 200.537 | K826: -19.937 | L826: 24.418 | M826: Peak Center found at (61925);Inject Sample No 23 | N826: 04/24/25 | O826: 21:33:57 | P826: 2025/04/24 21:33:57 | Q826: 19.2 | R826: 23.5 | S826: 28.0
A827: 119 | B827: UTM | D827: 119 | E827: 5 | F827: 212.841 | G827: 16490 | H827: 19994 | I827: 23003 | J827: 209.436 | K827: 4.679 | L827: 36.733 | M827: Peak Center found at (61925);Inject Sample No 23 | N827: 04/24/25 | O827: 21:33:57 | P827: 2025/04/24 21:33:57 | Q827: 5.0 | R827: 6.7 | S827: 8.2
A828: 119 | B828: UTM | D828: 119 | E828: 6 | F828: 187.746 | G828: 14949 | H828: 18123 | I828: 20858 | J828: 184.742 | K828: 4.737 | L828: 36.845 | M828: Peak Center found at (61925);Inject Sample No 23 | N828: 04/24/25 | O828: 21:33:57 | P828: 2025/04/24 21:33:57 | Q828: 22.4 | R828: 27.7 | S828: 32.3
A829: 119 | B829: UTM | D829: 119 | E829: 7 | F829: 175.457 | G829: 14087 | H829: 17072 | I829: 19653 | J829: 172.649 | K829: 4.805 | L829: 36.916 | M829: Peak Center found at (61925);Inject Sample No 23 | N829: 04/24/25 | O829: 21:33:57 | P829: 2025/04/24 21:33:57 | Q829: 62.0 | R829: 75.3 | S829: 87.3
A830: 120 | B830: UTM | D830: 120 | E830: 1 | F830: 205.665 | G830: 10508 | H830: 12394 | I830: 14476 | J830: 202.44 | K830: -19.929 | L830: 24.412 | M830: Peak Center found at (61925);Inject Sample No 24 | N830: 04/24/25 | O830: 21:47:47 | P830: 2025/04/24 21:47:47 | Q830: 15.0 | R830: 18.6 | S830: 21.9
A831: 120 | B831: UTM | D831: 120 | E831: 2 | F831: 203.085 | G831: 10520 | H831: 12408 | I831: 14494 | J831: 199.901 | K831: -19.939 | L831: 24.409 | M831: Peak Center found at (61925);Inject Sample No 24 | N831: 04/24/25 | O831: 21:47:47 | P831: 2025/04/24 21:47:47 | Q831: 19.2 | R831: 23.6 | S831: 28.0
A832: 120 | B832: UTM | D832: 120 | E832: 3 | F832: 204.518 | G832: 10562 | H832: 12457 | I832: 14554 | J832: 201.311 | K832: -19.942 | L832: 24.43 | M832: Peak Center found at (61925);Inject Sample No 24 | N832: 04/24/25 | O832: 21:47:47 | P832: 2025/04/24 21:47:47 | Q832: 19.4 | R832: 23.9 | S832: 28.3
A833: 120 | B833: UTM | D833: 120 | E833: 4 | F833: 204.551 | G833: 10526 | H833: 12415 | I833: 14502 | J833: 201.343 | K833: -19.937 | L833: 24.418 | M833: Peak Center found at (61925);Inject Sample No 24 | N833: 04/24/25 | O833: 21:47:47 | P833: 2025/04/24 21:47:47 | Q833: 19.3 | R833: 23.7 | S833: 28.3
A834: 120 | B834: UTM | D834: 120 | E834: 5 | F834: 224.486 | G834: 17178 | H834: 20808 | I834: 23964 | J834: 220.894 | K834: 4.796 | L834: 36.797 | M834: Peak Center found at (61925);Inject Sample No 24 | N834: 04/24/25 | O834: 21:47:47 | P834: 2025/04/24 21:47:47 | Q834: 5.4 | R834: 7.2 | S834: 9.3
... A836: 120 | B836: UTM | D836: 120 | E836: 7 | F836: 181.883 | G836: 14089 | H836: 17061 | I836: 19661 | J836: 178.972 | K836: 4.846 | L836: 37.047 | M836: Peak Center found at (61925);Inject Sample No 24 | N836: 04/24/25 | O836: 21:47:47 | P836: 2025/04/24 21:47:47 | Q836: 63.0 | R836: 76.5 | S836: 88.8
A837: 121 | B837: 12 SPL A4 Path H 70A | C837: 0.242 | D837: 121 | E837: 1 | F837: 204.852 | G837: 10476 | H837: 12356 | I837: 14433 | J837: 201.64 | K837: -19.951 | L837: 24.422 | M837: Peak Center found at (61925);Inject Sample No 25 | N837: 04/24/25 | O837: 22:01:38 | P837: 2025/04/24 22:01:38 | Q837: 14.7 | R837: 18.3 | S837: 21.6
A838: 121 | B838: 12 SPL A4 Path H 70A | C838: 0.242 | D838: 121 | E838: 2 | F838: 202.487 | G838: 10479 | H838: 12360 | I838: 14437 | J838: 199.312 | K838: -19.951 | L838: 24.423 | M838: Peak Center found at (61925);Inject Sample No 25 | N838: 04/24/25 | O838: 22:01:38 | P838: 2025/04/24 22:01:38 | Q838: 19.0 | R838: 23.4 | S838: 27.7
A839: 121 | B839: 12 SPL A4 Path H 70A | C839: 0.242 | D839: 121 | E839: 3 | F839: 203.806 | G839: 10523 | H839: 12412 | I839: 14502 | J839: 200.61 | K839: -19.966 | L839: 24.435 | M839: Peak Center found at (61925);Inject Sample No 25 | N839: 04/24/25 | O839: 22:01:38 | P839: 2025/04/24 22:01:38 | Q839: 19.2 | R839: 23.7 | S839: 28.0
A840: 121 | B840: 12 SPL A4 Path H 70A | C840: 0.242 | D840: 121 | E840: 4 | F840: 203.599 | G840: 10481 | H840: 12361 | I840: 14439 | J840: 200.406 | K840: -19.937 | L840: 24.418 | M840: Peak Center found at (61925);Inject Sample No 25 | N840: 04/24/25 | O840: 22:01:38 | P840: 2025/04/24 22:01:38 | Q840: 19.2 | R840: 23.6 | S840: 28.0
A841: 121 | B841: 12 SPL A4 Path H 70A | C841: 0.242 | D841: 121 | E841: 5 | F841: 199.329 | G841: 15660 | H841: 18876 | I841: 21821 | J841: 196.154 | K841: -1.531 | L841: 35.8 | M841: Peak Center found at (61925);Inject Sample No 25 | N841: 04/24/25 | O841: 22:01:38 | P841: 2025/04/24 22:01:38 | Q841: 5.0 | R841: 6.7 | S841: 8.1
A842: 121 | B842: 12 SPL A4 Path H 70A | C842: 0.242 | D842: 121 | E842: 6 | F842: 177.249 | G842: 14255 | H842: 17178 | I842: 19866 | J842: 174.426 | K842: -1.532 | L842: 35.9 | M842: Peak Center found at (61925);Inject Sample No 25 | N842: 04/24/25 | O842: 22:01:38 | P842: 2025/04/24 22:01:38 | Q842: 21.9 | R842: 27.0 | S842: 31.5
A843: 121 | B843: 12 SPL A4 Path H 70A | C843: 0.242 | D843: 121 | E843: 7 | F843: 165.857 | G843: 13433 | H843: 16185 | I843: 18720 | J843: 163.215 | K843: -1.455 | L843: 35.913 | M843: Peak Center found at (61925);Inject Sample No 25 | N843: 04/24/25 | O843: 22:01:38 | P843: 2025/04/24 22:01:38 | Q843: 60.3 | R843: 72.9 | S843: 85.1
A844: 122 | B844: 12 SPL A4 Path H 71A | C844: 0.232 | D844: 122 | E844: 1 | F844: 205.026 | G844: 10494 | H844: 12377 | I844: 14450 | J844: 201.811 | K844: -19.925 | L844: 24.407 | M844: Peak Center found at (61935);Inject Sample No 26 | N844: 04/24/25 | O844: 22:15:29 | P844: 2025/04/24 22:15:29 | Q844: 14.7 | R844: 18.2 | S844: 21.5
A845: 122 | B845: 12 SPL A4 Path H 71A | C845: 0.232 | D845: 122 | E845: 2 | F845: 202.846 | G845: 10494 | H845: 12377 | I845: 14449 | J845: 199.666 | K845: -19.942 | L845: 24.41 | M845: Peak Center found at (61935);Inject Sample No 26 | N845: 04/24/25 | O845: 22:15:29 | P845: 2025/04/24 22:15:29 | Q845: 18.9 | R845: 23.3 | S845: 27.5
A846: 122 | B846: 12 SPL A4 Path H 71A | C846: 0.232 | D846: 122 | E846: 3 | F846: 204.165 | G846: 10539 | H846: 12431 | I846: 14513 | J846: 200.964 | K846: -19.945 | L846: 24.422 | M846: Peak Center found at (61935);Inject Sample No 26 | N846: 04/24/25 | O846: 22:15:29 | P846: 2025/04/24 22:15:29 | Q846: 19.2 | R846: 23.6 | S846: 28.0
A847: 122 | B847: 12 SPL A4 Path H 71A | C847: 0.232 | D847: 122 | E847: 4 | F847: 204.212 | G847: 10506 | H847: 12392 | I847: 14466 | J847: 201.01 | K847: -19.937 | L847: 24.418 | M847: Peak Center found at (61935);Inject Sample No 26 | N847: 04/24/25 | O847: 22:15:29 | P847: 2025/04/24 22:15:29 | Q847: 19.2 | R847: 23.5 | S847: 28.0
A848: 122 | B848: 12 SPL A4 Path H 71A | C848: 0.232 | D848: 122 | E848: 5 | F848: 203.62 | G848: 15441 | H848: 18588 | I848: 21497 | J848: 200.377 | K848: -1.697 | L848: 35.459 | M848: Peak Center found at (61935);Inject Sample No 26 | N848: 04/24/25 | O848: 22:15:29 | P848: 2025/04/24 22:15:29 | Q848: 5.7 | R848: 7.6 | S848: 10.1
... A906: 130 | B906: 12 SPL A4 Path H 79A | C906: 0.238 | D906: 130 | E906: 7 | F906: 153.774 | G906: 12152 | H906: 14629 | I906: 16938 | J906: 151.325 | K906: -1.885 | L906: 35.793 | M906: Peak Center found at (61925);Inject Sample No 34 | N906: 04/25/25 | O906: 00:06:17 | P906: 2025/04/25 00:06:17 | Q906: 55.4 | R906: 67.0 | S906: 78.3
A907: 131 | B907: UTM | D907: 131 | E907: 1 | F907: 204.673 | G907: 10470 | H907: 12349 | I907: 14426 | J907: 201.463 | K907: -19.933 | L907: 24.424 | M907: Peak Center found at (61925);Inject Sample No 35 | N907: 04/25/25 | O907: 00:20:09 | P907: 2025/04/25 00:20:09 | Q907: 14.3 | R907: 17.8 | S907: 20.9
A908: 131 | B908: UTM | D908: 131 | E908: 2 | F908: 202.836 | G908: 10509 | H908: 12395 | I908: 14479 | J908: 199.655 | K908: -19.928 | L908: 24.419 | M908: Peak Center found at (61925);Inject Sample No 35 | N908: 04/25/25 | O908: 00:20:09 | P908: 2025/04/25 00:20:09 | Q908: 18.7 | R908: 22.9 | S908: 27.2
A909: 131 | B909: UTM | D909: 131 | E909: 3 | F909: 203.895 | G909: 10532 | H909: 12421 | I909: 14512 | J909: 200.698 | K909: -19.934 | L909: 24.436 | M909: Peak Center found at (61925);Inject Sample No 35 | N909: 04/25/25 | O909: 00:20:09 | P909: 2025/04/25 00:20:09 | Q909: 19.0 | R909: 23.3 | S909: 27.6
A910: 131 | B910: UTM | D910: 131 | E910: 4 | F910: 203.438 | G910: 10469 | H910: 12347 | I910: 14424 | J910: 200.248 | K910: -19.937 | L910: 24.418 | M910: Peak Center found at (61925);Inject Sample No 35 | N910: 04/25/25 | O910: 00:20:09 | P910: 2025/04/25 00:20:09 | Q910: 19.0 | R910: 23.4 | S910: 27.7
A911: 131 | B911: UTM | D911: 131 | E911: 5 | F911: 242.493 | G911: 18774 | H911: 22748 | I911: 26190 | J911: 238.613 | K911: 4.79 | L911: 36.805 | M911: Peak Center found at (61925);Inject Sample No 35 | N911: 04/25/25 | O911: 00:20:09 | P911: 2025/04/25 00:20:09 | Q911: 5.4 | R911: 7.2 | S911: 9.3
A912: 131 | B912: UTM | D912: 131 | E912: 6 | F912: 211.303 | G912: 16505 | H912: 19990 | I912: 23025 | J912: 207.922 | K912: 4.807 | L912: 36.99 | M912: Peak Center found at (61925);Inject Sample No 35 | N912: 04/25/25 | O912: 00:20:09 | P912: 2025/04/25 00:20:09 | Q912: 24.6 | R912: 30.3 | S912: 35.3
A913: 131 | B913: UTM | D913: 131 | E913: 7 | F913: 198.409 | G913: 15325 | H913: 18559 | I913: 21384 | J913: 195.234 | K913: 4.794 | L913: 37.008 | M913: Peak Center found at (61925);Inject Sample No 35 | N913: 04/25/25 | O913: 00:20:09 | P913: 2025/04/25 00:20:09 | Q913: 24.6 | R913: 30.3 | S913: 35.3
A914: 132 | B914: UTM | D914: 132 | E914: 1 | F914: 205.03 | G914: 10484 | H914: 12366 | I914: 14435 | J914: 201.815 | K914: -19.913 | L914: 24.381 | M914: Peak Center found at (61935);Inject Sample No 36 | N914: 04/25/25 | O914: 00:34:00 | P914: 2025/04/25 00:34:00 | Q914: 15.0 | R914: 18.7 | S914: 22.0
A915: 132 | B915: UTM | D915: 132 | E915: 2 | F915: 203.989 | G915: 10555 | H915: 12450 | I915: 14533 | J915: 200.791 | K915: -19.923 | L915: 24.433 | M915: Peak Center found at (61935);Inject Sample No 36 | N915: 04/25/25 | O915: 00:34:00 | P915: 2025/04/25 00:34:00 | Q915: 19.3 | R915: 23.7 | S915: 28.0
A916: 132 | B916: UTM | D916: 132 | E916: 3 | F916: 204.777 | G916: 10579 | H916: 12478 | I916: 14568 | J916: 201.566 | K916: -19.933 | L916: 24.439 | M916: Peak Center found at (61935);Inject Sample No 36 | N916: 04/25/25 | O916: 00:34:00 | P916: 2025/04/25 00:34:00 | Q916: 19.5 | R916: 24.0 | S916: 28.4
A917: 132 | B917: UTM | D917: 132 | E917: 4 | F917: 203.905 | G917: 10511 | H917: 12397 | I917: 14472 | J917: 200.708 | K917: -19.937 | L917: 24.418 | M917: Peak Center found at (61935);Inject Sample No 36 | N917: 04/25/25 | O917: 00:34:00 | P917: 2025/04/25 00:34:00 | Q917: 19.5 | R917: 23.9 | S917: 28.3
A918: 132 | B918: UTM | D918: 132 | E918: 5 | F918: 279.248 | G918: 22035 | H918: 26755 | I918: 30714 | J918: 274.78 | K918: 4.774 | L918: 36.651 | M918: Peak Center found at (61935);Inject Sample No 36 | N918: 04/25/25 | O918: 00:34:00 | P918: 2025/04/25 00:34:00 | Q918: 5.0 | R918: 6.8 | S918: 8.3
... A920: 132 | B920: UTM | D920: 132 | E920: 7 | F920: 234.124 | G920: 18790 | H920: 22793 | I920: 26193 | J920: 230.378 | K920: 4.797 | L920: 36.91 | M920: Peak Center found at (61935);Inject Sample No 36 | N920: 04/25/25 | O920: 00:34:00 | P920: 2025/04/25 00:34:00 | Q920: 27.2 | R920: 33.5 | S920: 38.9
A921: 133 | B921: 12 SPL A4 Path H 80A | C921: 0.24 | D921: 133 | E921: 1 | F921: 204.328 | G921: 10462 | H921: 12340 | I921: 14405 | J921: 201.125 | K921: -19.92 | L921: 24.376 | M921: Peak Center found at (61935);Inject Sample No 37 | N921: 04/25/25 | O921: 00:47:51 | P921: 2025/04/25 00:47:51 | Q921: 16.5 | R921: 20.5 | S921: 24.0
A922: 133 | B922: 12 SPL A4 Path H 80A | C922: 0.24 | D922: 133 | E922: 2 | F922: 202.206 | G922: 10479 | H922: 12360 | I922: 14427 | J922: 199.036 | K922: -19.943 | L922: 24.371 | M922: Peak Center found at (61935);Inject Sample No 37 | N922: 04/25/25 | O922: 00:47:51 | P922: 2025/04/25 00:47:51 | Q922: 20.3 | R922: 25.0 | S922: 29.5
A923: 133 | B923: 12 SPL A4 Path H 80A | C923: 0.24 | D923: 133 | E923: 3 | F923: 205.488 | G923: 10616 | H923: 12523 | I923: 14622 | J923: 202.266 | K923: -19.919 | L923: 24.419 | M923: Peak Center found at (61935);Inject Sample No 37 | N923: 04/25/25 | O923: 00:47:51 | P923: 2025/04/25 00:47:51 | Q923: 20.3 | R923: 24.9 | S923: 29.5
A924: 133 | B924: 12 SPL A4 Path H 80A | C924: 0.24 | D924: 133 | E924: 4 | F924: 203.631 | G924: 10473 | H924: 12354 | I924: 14421 | J924: 200.439 | K924: -19.937 | L924: 24.418 | M924: Peak Center found at (61935);Inject Sample No 37 | N924: 04/25/25 | O924: 00:47:51 | P924: 2025/04/25 00:47:51 | Q924: 20.1 | R924: 24.7 | S924: 29.2
A925: 133 | B925: 12 SPL A4 Path H 80A | C925: 0.24 | D925: 133 | E925: 5 | F925: 196.242 | G925: 14890 | H925: 17923 | I925: 20736 | J925: 193.118 | K925: -1.901 | L925: 35.373 | M925: Peak Center found at (61935);Inject Sample No 37 | N925: 04/25/25 | O925: 00:47:51 | P925: 2025/04/25 00:47:51 | Q925: 6.1 | R925: 8.0 | S925: 10.7
A926: 133 | B926: 12 SPL A4 Path H 80A | C926: 0.24 | D926: 133 | E926: 6 | F926: 171.297 | G926: 13210 | H926: 15896 | I926: 18391 | J926: 168.569 | K926: -1.884 | L926: 35.708 | M926: Peak Center found at (61935);Inject Sample No 37 | N926: 04/25/25 | O926: 00:47:51 | P926: 2025/04/25 00:47:51 | Q926: 21.6 | R926: 26.6 | S926: 31.0
A927: 133 | B927: 12 SPL A4 Path H 80A | C927: 0.24 | D927: 133 | E927: 7 | F927: 159.058 | G927: 12307 | H927: 14810 | I927: 17139 | J927: 156.525 | K927: -1.824 | L927: 35.757 | M927: Peak Center found at (61935);Inject Sample No 37 | N927: 04/25/25 | O927: 00:47:51 | P927: 2025/04/25 00:47:51 | Q927: 56.5 | R927: 68.3 | S927: 79.7
A928: 134 | B928: 12 SPL A4 Path H 81A | C928: 0.31 | D928: 134 | E928: 1 | F928: 205.269 | G928: 10470 | H928: 12349 | I928: 14425 | J928: 202.05 | K928: -19.926 | L928: 24.41 | M928: Peak Center found at (61925);Inject Sample No 38 | N928: 04/25/25 | O928: 01:01:42 | P928: 2025/04/25 01:01:42 | Q928: 14.3 | R928: 17.8 | S928: 20.9
A929: 134 | B929: 12 SPL A4 Path H 81A | C929: 0.31 | D929: 134 | E929: 2 | F929: 202.14 | G929: 10491 | H929: 12374 | I929: 14455 | J929: 198.97 | K929: -19.923 | L929: 24.419 | M929: Peak Center found at (61925);Inject Sample No 38 | N929: 04/25/25 | O929: 01:01:42 | P929: 2025/04/25 01:01:42 | Q929: 18.8 | R929: 23.0 | S929: 27.3
A930: 134 | B930: 12 SPL A4 Path H 81A | C930: 0.31 | D930: 134 | E930: 3 | F930: 204.058 | G930: 10538 | H930: 12430 | I930: 14524 | J930: 200.858 | K930: -19.92 | L930: 24.412 | M930: Peak Center found at (61925);Inject Sample No 38 | N930: 04/25/25 | O930: 01:01:42 | P930: 2025/04/25 01:01:42 | Q930: 19.0 | R930: 23.4 | S930: 27.7
A931: 134 | B931: 12 SPL A4 Path H 81A | C931: 0.31 | D931: 134 | E931: 4 | F931: 204.121 | G931: 10493 | H931: 12375 | I931: 14456 | J931: 200.92 | K931: -19.937 | L931: 24.418 | M931: Peak Center found at (61925);Inject Sample No 38 | N931: 04/25/25 | O931: 01:01:42 | P931: 2025/04/25 01:01:42 | Q931: 19.1 | R931: 23.5 | S931: 27.9
A932: 134 | B932: 12 SPL A4 Path H 81A | C932: 0.31 | D932: 134 | E932: 5 | F932: 258.766 | G932: 20709 | H932: 24974 | I932: 28852 | J932: 254.646 | K932: -1.927 | L932: 35.522 | M932: Peak Center found at (61925);Inject Sample No 38 | N932: 04/25/25 | O932: 01:01:42 | P932: 2025/04/25 01:01:42 | Q932: 5.1 | R932: 6.8 | S932: 8.3
... A990: 142 | B990: 12 SPL A4 Path H 89A | C990: 0.246 | D990: 142 | E990: 7 | F990: 165.851 | G990: 12864 | H990: 15481 | I990: 17918 | J990: 163.21 | K990: -1.681 | L990: 35.883 | M990: Peak Center found at (61935);Inject Sample No 46 | N990: 04/25/25 | O990: 02:52:31 | P990: 2025/04/25 02:52:31 | Q990: 58.5 | R990: 70.8 | S990: 82.5
A991: 143 | B991: UTM | D991: 143 | E991: 1 | F991: 204.414 | G991: 10452 | H991: 12328 | I991: 14368 | J991: 201.211 | K991: -19.935 | L991: 24.37 | M991: Peak Center found at (61944);Inject Sample No 47 | N991: 04/25/25 | O991: 03:06:23 | P991: 2025/04/25 03:06:23 | Q991: 14.2 | R991: 17.7 | S991: 20.8
A992: 143 | B992: UTM | D992: 143 | E992: 2 | F992: 201.958 | G992: 10467 | H992: 12346 | I992: 14392 | J992: 198.792 | K992: -19.938 | L992: 24.322 | M992: Peak Center found at (61944);Inject Sample No 47 | N992: 04/25/25 | O992: 03:06:23 | P992: 2025/04/25 03:06:23 | Q992: 18.7 | R992: 23.0 | S992: 27.1
A993: 143 | B993: UTM | D993: 143 | E993: 3 | F993: 203.739 | G993: 10515 | H993: 12404 | I993: 14459 | J993: 200.545 | K993: -19.94 | L993: 24.376 | M993: Peak Center found at (61944);Inject Sample No 47 | N993: 04/25/25 | O993: 03:06:23 | P993: 2025/04/25 03:06:23 | Q993: 19.0 | R993: 23.3 | S993: 27.6
A994: 143 | B994: UTM | D994: 143 | E994: 4 | F994: 203.312 | G994: 10467 | H994: 12346 | I994: 14389 | J994: 200.126 | K994: -19.937 | L994: 24.418 | M994: Peak Center found at (61944);Inject Sample No 47 | N994: 04/25/25 | O994: 03:06:23 | P994: 2025/04/25 03:06:23 | Q994: 19.0 | R994: 23.3 | S994: 27.6
A995: 143 | B995: UTM | D995: 143 | E995: 5 | F995: 282.594 | G995: 22467 | H995: 27281 | I995: 31240 | J995: 278.075 | K995: 4.798 | L995: 36.143 | M995: Peak Center found at (61944);Inject Sample No 47 | N995: 04/25/25 | O995: 03:06:23 | P995: 2025/04/25 03:06:23 | Q995: 4.9 | R995: 6.5 | S995: 7.9
A996: 143 | B996: UTM | D996: 143 | E996: 6 | F996: 250.676 | G996: 20299 | H996: 24635 | I996: 28234 | J996: 246.667 | K996: 4.808 | L996: 36.402 | M996: Peak Center found at (61944);Inject Sample No 47 | N996: 04/25/25 | O996: 03:06:23 | P996: 2025/04/25 03:06:23 | Q996: 27.4 | R996: 33.7 | S996: 39.1
A997: 143 | B997: UTM | D997: 143 | E997: 7 | F997: 237.058 | G997: 19128 | H997: 23210 | I997: 26617 | J997: 233.266 | K997: 4.779 | L997: 36.558 | M997: Peak Center found at (61944);Inject Sample No 47 | N997: 04/25/25 | O997: 03:06:23 | P997: 2025/04/25 03:06:23 | Q997: 27.4 | R997: 33.7 | S997: 39.1
A998: 144 | B998: UTM | D998: 144 | E998: 1 | F998: 204.285 | G998: 10439 | H998: 12312 | I998: 14382 | J998: 201.081 | K998: -19.946 | L998: 24.439 | M998: Peak Center found at (61925);Inject Sample No 48 | N998: 04/25/25 | O998: 03:20:14 | P998: 2025/04/25 03:20:14 | Q998: 16.4 | R998: 20.4 | S998: 23.9
A999: 144 | B999: UTM | D999: 144 | E999: 2 | F999: 201.414 | G999: 10432 | H999: 12304 | I999: 14373 | J999: 198.256 | K999: -19.953 | L999: 24.423 | M999: Peak Center found at (61925);Inject Sample No 48 | N999: 04/25/25 | O999: 03:20:14 | P999: 2025/04/25 03:20:14 | Q999: 20.3 | R999: 25.0 | S999: 29.5
A1000: 144 | B1000: UTM | D1000: 144 | E1000: 3 | F1000: 203.38 | G1000: 10503 | H1000: 12387 | I1000: 14473 | J1000: 200.191 | K1000: -19.946 | L1000: 24.436 | M1000: Peak Center found at (61925);Inject Sample No 48 | N1000: 04/25/25 | O1000: 03:20:14 | P1000: 2025/04/25 03:20:14 | Q1000: 20.2 | R1000: 24.9 | S1000: 29.4
A1001: 144 | B1001: UTM | D1001: 144 | E1001: 4 | F1001: 202.905 | G1001: 10433 | H1001: 12304 | I1001: 14372 | J1001: 199.724 | K1001: -19.937 | L1001: 24.418 | M1001: Peak Center found at (61925);Inject Sample No 48 | N1001: 04/25/25 | O1001: 03:20:14 | P1001: 2025/04/25 03:20:14 | Q1001: 20.0 | R1001: 24.5 | S1001: 29.2
A1002: 144 | B1002: UTM | D1002: 144 | E1002: 5 | F1002: 252.675 | G1002: 19247 | H1002: 23329 | I1002: 26857 | J1002: 248.632 | K1002: 4.797 | L1002: 36.717 | M1002: Peak Center found at (61925);Inject Sample No 48 | N1002: 04/25/25 | O1002: 03:20:14 | P1002: 2025/04/25 03:20:14 | Q1002: 6.0 | R1002: 8.0 | S1002: 10.7
... A1004: 144 | B1004: UTM | D1004: 144 | E1004: 7 | F1004: 205.457 | G1004: 15969 | H1004: 19347 | I1004: 22278 | J1004: 202.169 | K1004: 4.838 | L1004: 36.987 | M1004: Peak Center found at (61925);Inject Sample No 48 | N1004: 04/25/25 | O1004: 03:20:14 | P1004: 2025/04/25 03:20:14 | Q1004: 68.3 | R1004: 82.9 | S1004: 96.2
A1005: 145 | B1005: 12 SPL A4 Path H 90A | C1005: 0.3 | D1005: 145 | E1005: 1 | F1005: 203.596 | G1005: 10413 | H1005: 12282 | I1005: 14346 | J1005: 200.403 | K1005: -19.936 | L1005: 24.414 | M1005: Peak Center found at (61925);Inject Sample No 49 | N1005: 04/25/25 | O1005: 03:34:05 | P1005: 2025/04/25 03:34:05 | Q1005: 15.5 | R1005: 19.2 | S1005: 22.5
A1006: 145 | B1006: 12 SPL A4 Path H 90A | C1006: 0.3 | D1006: 145 | E1006: 2 | F1006: 200.921 | G1006: 10422 | H1006: 12292 | I1006: 14361 | J1006: 197.77 | K1006: -19.941 | L1006: 24.398 | M1006: Peak Center found at (61925);Inject Sample No 49 | N1006: 04/25/25 | O1006: 03:34:05 | P1006: 2025/04/25 03:34:05 | Q1006: 19.6 | R1006: 24.1 | S1006: 28.5
A1007: 145 | B1007: 12 SPL A4 Path H 90A | C1007: 0.3 | D1007: 145 | E1007: 3 | F1007: 202.821 | G1007: 10480 | H1007: 12361 | I1007: 14442 | J1007: 199.641 | K1007: -19.943 | L1007: 24.4 | M1007: Peak Center found at (61925);Inject Sample No 49 | N1007: 04/25/25 | O1007: 03:34:05 | P1007: 2025/04/25 03:34:05 | Q1007: 19.7 | R1007: 24.2 | S1007: 28.7
A1008: 145 | B1008: 12 SPL A4 Path H 90A | C1008: 0.3 | D1008: 145 | E1008: 4 | F1008: 202.737 | G1008: 10441 | H1008: 12314 | I1008: 14385 | J1008: 199.558 | K1008: -19.937 | L1008: 24.418 | M1008: Peak Center found at (61925);Inject Sample No 49 | N1008: 04/25/25 | O1008: 03:34:05 | P1008: 2025/04/25 03:34:05 | Q1008: 19.6 | R1008: 24.1 | S1008: 28.5
A1009: 145 | B1009: 12 SPL A4 Path H 90A | C1009: 0.3 | D1009: 145 | E1009: 5 | F1009: 243.019 | G1009: 19477 | H1009: 23490 | I1009: 27143 | J1009: 239.148 | K1009: -1.828 | L1009: 35.69 | M1009: Peak Center found at (61925);Inject Sample No 49 | N1009: 04/25/25 | O1009: 03:34:05 | P1009: 2025/04/25 03:34:05 | Q1009: 5.2 | R1009: 7.0 | S1009: 8.6
A1010: 145 | B1010: 12 SPL A4 Path H 90A | C1010: 0.3 | D1010: 145 | E1010: 6 | F1010: 217.01 | G1010: 17662 | H1010: 21281 | I1010: 24608 | J1010: 213.553 | K1010: -1.81 | L1010: 35.827 | M1010: Peak Center found at (61925);Inject Sample No 49 | N1010: 04/25/25 | O1010: 03:34:05 | P1010: 2025/04/25 03:34:05 | Q1010: 25.4 | R1010: 31.1 | S1010: 36.3
A1011: 145 | B1011: 12 SPL A4 Path H 90A | C1011: 0.3 | D1011: 145 | E1011: 7 | F1011: 205.452 | G1011: 16637 | H1011: 20044 | I1011: 23186 | J1011: 202.18 | K1011: -1.806 | L1011: 35.857 | M1011: Peak Center found at (61925);Inject Sample No 49 | N1011: 04/25/25 | O1011: 03:34:05 | P1011: 2025/04/25 03:34:05 | Q1011: 25.4 | R1011: 31.1 | S1011: 36.3
A1012: 146 | B1012: 12 SPL A4 Path H 91A | C1012: 0.258 | D1012: 146 | E1012: 1 | F1012: 204.35 | G1012: 10449 | H1012: 12324 | I1012: 14396 | J1012: 201.145 | K1012: -19.933 | L1012: 24.392 | M1012: Peak Center found at (61925);Inject Sample No 50 | N1012: 04/25/25 | O1012: 03:47:56 | P1012: 2025/04/25 03:47:56 | Q1012: 15.6 | R1012: 19.4 | S1012: 22.8
A1013: 146 | B1013: 12 SPL A4 Path H 91A | C1013: 0.258 | D1013: 146 | E1013: 2 | F1013: 201.735 | G1013: 10444 | H1013: 12318 | I1013: 14389 | J1013: 198.572 | K1013: -19.939 | L1013: 24.409 | M1013: Peak Center found at (61925);Inject Sample No 50 | N1013: 04/25/25 | O1013: 03:47:56 | P1013: 2025/04/25 03:47:56 | Q1013: 19.7 | R1013: 24.2 | S1013: 28.6
A1014: 146 | B1014: 12 SPL A4 Path H 91A | C1014: 0.258 | D1014: 146 | E1014: 3 | F1014: 203.098 | G1014: 10499 | H1014: 12383 | I1014: 14470 | J1014: 199.913 | K1014: -19.932 | L1014: 24.4 | M1014: Peak Center found at (61925);Inject Sample No 50 | N1014: 04/25/25 | O1014: 03:47:56 | P1014: 2025/04/25 03:47:56 | Q1014: 19.8 | R1014: 24.3 | S1014: 28.8
A1015: 146 | B1015: 12 SPL A4 Path H 91A | C1015: 0.258 | D1015: 146 | E1015: 4 | F1015: 203.438 | G1015: 10472 | H1015: 12351 | I1015: 14428 | J1015: 200.248 | K1015: -19.937 | L1015: 24.418 | M1015: Peak Center found at (61925);Inject Sample No 50 | N1015: 04/25/25 | O1015: 03:47:56 | P1015: 2025/04/25 03:47:56 | Q1015: 19.7 | R1015: 24.2 | S1015: 28.7
A1016: 146 | B1016: 12 SPL A4 Path H 91A | C1016: 0.258 | D1016: 146 | E1016: 5 | F1016: 200.798 | G1016: 15231 | H1016: 18334 | I1016: 21230 | J1016: 197.6 | K1016: -1.866 | L1016: 35.714 | M1016: Peak Center found at (61925);Inject Sample No 50 | N1016: 04/25/25 | O1016: 03:47:56 | P1016: 2025/04/25 03:47:56 | Q1016: 6.2 | R1016: 8.1 | S1016: 10.9
... A1074: 154 | B1074: 12 SPL A4 Path H 99A | C1074: 0.236 | D1074: 154 | E1074: 7 | F1074: 157.796 | G1074: 12711 | H1074: 15298 | I1074: 17723 | J1074: 155.284 | K1074: -2.358 | L1074: 36.252 | M1074: Peak Center found at (61925);Inject Sample No 58 | N1074: 04/25/25 | O1074: 05:38:45 | P1074: 2025/04/25 05:38:45 | Q1074: 58.0 | R1074: 70.1 | S1074: 81.9
A1075: 155 | B1075: UTM | D1075: 155 | E1075: 1 | F1075: 205.106 | G1075: 10477 | H1075: 12358 | I1075: 14435 | J1075: 201.89 | K1075: -19.933 | L1075: 24.434 | M1075: Peak Center found at (61925);Inject Sample No 59 | N1075: 04/25/25 | O1075: 05:52:36 | P1075: 2025/04/25 05:52:36 | Q1075: 14.5 | R1075: 18.1 | S1075: 21.2
A1076: 155 | B1076: UTM | D1076: 155 | E1076: 2 | F1076: 202.274 | G1076: 10471 | H1076: 12349 | I1076: 14427 | J1076: 199.102 | K1076: -19.939 | L1076: 24.433 | M1076: Peak Center found at (61925);Inject Sample No 59 | N1076: 04/25/25 | O1076: 05:52:36 | P1076: 2025/04/25 05:52:36 | Q1076: 18.9 | R1076: 23.2 | S1076: 27.4
A1077: 155 | B1077: UTM | D1077: 155 | E1077: 3 | F1077: 203.935 | G1077: 10540 | H1077: 12432 | I1077: 14526 | J1077: 200.738 | K1077: -19.928 | L1077: 24.416 | M1077: Peak Center found at (61925);Inject Sample No 59 | N1077: 04/25/25 | O1077: 05:52:36 | P1077: 2025/04/25 05:52:36 | Q1077: 19.1 | R1077: 23.5 | S1077: 27.9
A1078: 155 | B1078: UTM | D1078: 155 | E1078: 4 | F1078: 203.547 | G1078: 10468 | H1078: 12347 | I1078: 14424 | J1078: 200.356 | K1078: -19.937 | L1078: 24.418 | M1078: Peak Center found at (61925);Inject Sample No 59 | N1078: 04/25/25 | O1078: 05:52:36 | P1078: 2025/04/25 05:52:36 | Q1078: 19.1 | R1078: 23.5 | S1078: 27.9
A1079: 155 | B1079: UTM | D1079: 155 | E1079: 5 | F1079: 267.044 | G1079: 20403 | H1079: 24725 | I1079: 28461 | J1079: 262.771 | K1079: 4.816 | L1079: 36.72 | M1079: Peak Center found at (61925);Inject Sample No 59 | N1079: 04/25/25 | O1079: 05:52:36 | P1079: 2025/04/25 05:52:36 | Q1079: 5.8 | R1079: 7.7 | S1079: 10.6
A1080: 155 | B1080: UTM | D1080: 155 | E1080: 6 | F1080: 232.922 | G1080: 18075 | H1080: 21904 | I1080: 25222 | J1080: 229.194 | K1080: 4.838 | L1080: 37.002 | M1080: Peak Center found at (61925);Inject Sample No 59 | N1080: 04/25/25 | O1080: 05:52:36 | P1080: 2025/04/25 05:52:36 | Q1080: 26.1 | R1080: 32.1 | S1080: 37.3
A1081: 155 | B1081: UTM | D1081: 155 | E1081: 7 | F1081: 218.607 | G1081: 16831 | H1081: 20393 | I1081: 23488 | J1081: 215.109 | K1081: 4.821 | L1081: 37.027 | M1081: Peak Center found at (61925);Inject Sample No 59 | N1081: 04/25/25 | O1081: 05:52:36 | P1081: 2025/04/25 05:52:36 | Q1081: 26.1 | R1081: 32.1 | S1081: 37.3
A1082: 156 | B1082: UTM | D1082: 156 | E1082: 1 | F1082: 204.13 | G1082: 10446 | H1082: 12321 | I1082: 14383 | J1082: 200.929 | K1082: -19.925 | L1082: 24.457 | M1082: Peak Center found at (61935);Inject Sample No 60 | N1082: 04/25/25 | O1082: 06:06:28 | P1082: 2025/04/25 06:06:28 | Q1082: 15.6 | R1082: 19.4 | S1082: 22.7
...
